Date,Open,High,Low,Close,Volume,Dividends,Stock Splits
2017-01-03,370.84,384.94,368.44,379.7,1064500,0.0,0.0
2017-01-04,374.87,389.22,373.85,383.11,781500,0.0,0.0
2017-01-05,381.15,385.72,380.22,380.92,628000,0.0,0.0
2017-01-06,360.48,361.93,354.0,358.68,3254600,0.0,0.0
2017-01-09,359.21,360.39,349.24,355.06,1885600,0.0,0.0
2017-01-10,356.0,375.94,355.2,373.0,1787200,0.0,0.0
2017-01-11,371.84,379.95,361.66,364.47,1655700,0.0,0.0
2017-01-12,362.0,367.37,358.5,364.44,663700,0.0,0.0
2017-01-13,364.76,373.48,364.44,368.16,943800,0.0,0.0
2017-01-17,367.65,369.97,359.73,363.24,879200,0.0,0.0
2017-01-18,363.7,365.95,358.93,362.95,474000,0.0,0.0
2017-01-19,363.2,366.3,359.97,363.41,586200,0.0,0.0
2017-01-20,365.67,369.75,362.07,362.56,782000,0.0,0.0
2017-01-23,361.97,363.59,354.17,354.36,899400,0.0,0.0
2017-01-24,355.04,356.44,347.0,347.96,905400,0.0,0.0
2017-01-25,350.0,350.75,344.81,348.93,934500,0.0,0.0
2017-01-26,348.74,352.88,340.09,340.75,1312600,0.0,0.0
2017-01-27,342.34,349.97,340.96,346.5,620600,0.0,0.0
2017-01-30,344.89,347.04,342.16,344.5,668200,0.0,0.0
2017-01-31,344.05,360.0,343.5,359.29,1052500,0.0,0.0
2017-02-01,358.74,364.8,355.01,364.17,1033000,0.0,0.0
2017-02-02,361.14,364.81,357.89,360.56,578800,0.0,0.0
2017-02-03,362.43,363.25,352.08,358.26,733200,0.0,0.0
2017-02-06,357.86,362.45,353.59,362.0,750300,0.0,0.0
2017-02-07,360.61,363.1,355.89,357.69,689800,0.0,0.0
2017-02-08,355.88,359.0,351.03,353.25,876900,0.0,0.0
2017-02-09,347.07,366.95,347.0,360.0,1722800,0.0,0.0
2017-02-10,360.95,364.39,357.38,359.87,713600,0.0,0.0
2017-02-13,364.22,378.47,363.2,375.66,1539100,0.0,0.0
2017-02-14,375.95,378.32,371.61,376.52,991900,0.0,0.0
2017-02-15,375.43,384.58,374.0,384.0,926300,0.0,0.0
2017-02-16,379.0,382.08,369.2,373.02,1276800,0.0,0.0
2017-02-17,372.42,375.0,369.3,371.18,775500,0.0,0.0
2017-02-21,372.18,375.76,370.0,371.61,722600,0.0,0.0
2017-02-22,371.61,373.16,369.12,370.22,569200,0.0,0.0
2017-02-23,370.99,371.22,357.22,360.96,1118900,0.0,0.0
2017-02-24,359.88,361.08,355.0,361.01,782600,0.0,0.0
2017-02-27,361.15,373.36,359.94,373.05,537900,0.0,0.0
2017-02-28,373.3,374.97,368.42,373.5,759200,0.0,0.0
2017-03-01,378.0,381.92,372.52,379.05,757500,0.0,0.0
2017-03-02,379.05,381.99,375.0,375.86,512200,0.0,0.0
2017-03-03,375.98,379.46,371.0,378.66,513300,0.0,0.0
2017-03-06,378.13,383.99,376.45,381.93,1020800,0.0,0.0
2017-03-07,378.76,382.22,370.63,372.52,890400,0.0,0.0
2017-03-08,373.59,382.69,373.51,381.37,832700,0.0,0.0
2017-03-09,383.18,392.24,381.43,390.14,1101000,0.0,0.0
2017-03-10,392.95,392.95,384.21,388.23,743500,0.0,0.0
2017-03-13,389.2,389.98,384.28,388.88,572700,0.0,0.0
2017-03-14,386.87,393.59,386.87,391.1,548200,0.0,0.0
2017-03-15,393.64,399.72,391.83,397.8,808200,0.0,0.0
2017-03-16,397.46,399.0,389.29,392.59,770900,0.0,0.0
2017-03-17,380.05,386.69,370.68,380.29,2839500,0.0,0.0
2017-03-20,380.83,385.71,377.72,382.02,576900,0.0,0.0
2017-03-21,382.89,383.09,370.24,370.98,1224600,0.0,0.0
2017-03-22,373.12,374.74,366.13,369.14,684600,0.0,0.0
2017-03-23,369.19,370.73,364.44,365.02,677100,0.0,0.0
2017-03-24,367.92,374.85,366.72,373.0,881400,0.0,0.0
2017-03-27,371.69,384.96,371.04,383.68,1385900,0.0,0.0
2017-03-28,383.47,388.82,376.22,382.55,1651300,0.0,0.0
2017-03-29,382.46,401.21,382.06,394.14,1945500,0.0,0.0
2017-03-30,394.89,397.21,385.82,386.18,966300,0.0,0.0
2017-03-31,385.75,390.0,382.6,387.51,570300,0.0,0.0
2017-04-03,388.0,392.75,382.26,383.19,994400,0.0,0.0
2017-04-04,383.94,386.06,379.28,382.92,681100,0.0,0.0
2017-04-05,382.93,384.51,375.72,377.36,772200,0.0,0.0
2017-04-06,379.0,381.98,376.36,379.48,1119600,0.0,0.0
2017-04-07,379.6,381.36,375.61,380.55,741700,0.0,0.0
2017-04-10,380.01,382.89,372.83,373.26,896500,0.0,0.0
2017-04-11,372.5,373.89,363.99,367.07,850900,0.0,0.0
2017-04-12,367.0,372.6,364.23,366.33,661000,0.0,0.0
2017-04-13,367.61,373.87,366.5,370.37,699800,0.0,0.0
2017-04-17,373.0,374.36,369.11,373.45,573800,0.0,0.0
2017-04-18,371.04,374.72,363.39,366.06,520000,0.0,0.0
2017-04-19,368.12,371.31,366.52,370.96,501300,0.0,0.0
2017-04-20,371.92,377.48,368.05,376.4,767900,0.0,0.0
2017-04-21,376.4,379.2,368.81,370.12,639700,0.0,0.0
2017-04-24,373.83,374.94,369.05,371.93,715000,0.0,0.0
2017-04-25,373.09,376.24,370.0,372.32,711700,0.0,0.0
2017-04-26,372.12,375.4,369.47,371.39,516400,0.0,0.0
2017-04-27,370.9,371.71,360.0,366.62,1981500,0.0,0.0
2017-04-28,368.51,393.5,368.3,388.49,2179400,0.0,0.0
2017-05-01,388.8,399.98,388.22,396.17,1246900,0.0,0.0
2017-05-02,396.65,402.99,392.7,402.04,884400,0.0,0.0
2017-05-03,402.0,408.12,400.39,407.03,1265500,0.0,0.0
2017-05-04,410.19,437.32,410.19,434.31,2320300,0.0,0.0
2017-05-05,434.79,438.47,426.4,429.0,1060600,0.0,0.0
2017-05-08,427.76,436.47,421.88,423.38,864500,0.0,0.0
2017-05-09,422.83,428.72,421.55,427.18,566400,0.0,0.0
2017-05-10,427.13,431.74,422.95,431.57,518900,0.0,0.0
2017-05-11,429.79,441.71,428.85,440.43,895600,0.0,0.0
2017-05-12,441.54,452.88,438.59,442.05,1213700,0.0,0.0
2017-05-15,440.38,450.78,439.61,450.41,772100,0.0,0.0
2017-05-16,451.79,456.74,445.8,454.75,943100,0.0,0.0
2017-05-17,451.29,458.58,445.3,446.72,749400,0.0,0.0
2017-05-18,448.0,462.96,446.05,457.33,1107600,0.0,0.0
2017-05-19,456.06,458.49,448.0,450.01,996000,0.0,0.0
2017-05-22,448.48,464.4,448.39,460.99,782200,0.0,0.0
2017-05-23,462.0,464.25,458.79,461.37,573900,0.0,0.0
2017-05-24,461.37,461.94,452.11,458.24,461300,0.0,0.0
2017-05-25,460.04,460.04,455.02,455.7,671600,0.0,0.0
2017-05-26,456.7,459.25,453.35,455.17,475400,0.0,0.0
2017-05-30,455.13,458.48,448.08,448.67,865700,0.0,0.0
2017-05-31,450.32,459.3,448.09,459.06,1313800,0.0,0.0
2017-06-01,460.0,470.43,459.53,466.02,1204600,0.0,0.0
2017-06-02,466.7,484.99,465.33,480.43,1717600,0.0,0.0
2017-06-05,483.5,489.0,476.97,480.26,912800,0.0,0.0
2017-06-06,479.3,482.3,473.44,477.73,729400,0.0,0.0
2017-06-07,479.0,483.06,476.09,482.0,843900,0.0,0.0
2017-06-08,481.56,486.81,478.16,485.9,595200,0.0,0.0
2017-06-09,482.55,487.52,473.26,475.79,1027200,0.0,0.0
2017-06-12,475.22,477.5,466.91,476.23,884600,0.0,0.0
2017-06-13,474.38,476.5,471.63,473.67,503700,0.0,0.0
2017-06-14,475.35,481.86,469.27,476.84,662500,0.0,0.0
2017-06-15,474.37,475.8,461.58,469.5,796800,0.0,0.0
2017-06-16,468.19,470.28,453.54,459.91,1658600,0.0,0.0
2017-06-19,462.96,474.73,456.57,471.67,807600,0.0,0.0
2017-06-20,477.92,504.89,474.62,495.33,2134900,0.0,0.0
2017-06-21,496.51,525.0,495.04,522.02,1743100,0.0,0.0
2017-06-22,525.0,543.55,521.5,526.53,1843100,0.0,0.0
2017-06-23,511.79,519.65,500.25,517.33,1885500,0.0,0.0
2017-06-26,513.0,521.51,506.7,515.91,1172500,0.0,0.0
2017-06-27,517.55,529.99,500.74,502.12,1447300,0.0,0.0
2017-06-28,506.51,518.0,500.75,513.19,935100,0.0,0.0
2017-06-29,510.44,512.64,499.08,509.93,922100,0.0,0.0
2017-06-30,507.46,508.0,490.89,491.14,1267500,0.0,0.0
2017-07-03,494.2,498.55,484.28,487.73,603500,0.0,0.0
2017-07-05,490.08,499.36,489.56,497.0,823000,0.0,0.0
2017-07-06,491.76,496.35,482.51,490.19,898600,0.0,0.0
2017-07-07,497.51,506.39,493.44,496.5,729100,0.0,0.0
2017-07-10,497.61,500.74,489.33,499.91,888400,0.0,0.0
2017-07-11,498.52,502.0,489.2,492.0,829100,0.0,0.0
2017-07-12,496.2,499.32,489.09,496.99,576500,0.0,0.0
2017-07-13,496.02,509.96,492.18,505.05,790000,0.0,0.0
2017-07-14,507.4,509.58,498.65,504.9,608100,0.0,0.0
2017-07-17,508.28,509.88,496.76,498.11,620000,0.0,0.0
2017-07-18,497.64,499.98,494.37,497.63,450700,0.0,0.0
2017-07-19,504.99,509.14,501.1,506.79,850800,0.0,0.0
2017-07-20,510.47,524.89,509.92,521.13,772200,0.0,0.0
2017-07-21,518.46,522.0,513.4,515.92,617700,0.0,0.0
2017-07-24,516.94,521.77,510.7,521.22,474400,0.0,0.0
2017-07-25,523.97,526.12,510.74,513.45,596300,0.0,0.0
2017-07-26,513.77,518.57,510.0,515.63,369500,0.0,0.0
2017-07-27,515.77,517.44,503.98,508.41,958100,0.0,0.0
2017-07-28,507.01,513.42,499.04,508.71,620100,0.0,0.0
2017-07-31,489.67,499.14,487.13,491.62,1009000,0.0,0.0
2017-08-01,486.6,490.17,471.26,472.0,1282100,0.0,0.0
2017-08-02,470.78,477.51,468.31,476.82,958200,0.0,0.0
2017-08-03,498.1,498.5,463.3,467.11,1208800,0.0,0.0
2017-08-04,469.32,473.34,466.66,468.76,771200,0.0,0.0
2017-08-07,468.71,471.76,462.21,470.1,499100,0.0,0.0
2017-08-08,469.18,475.25,467.35,469.68,484700,0.0,0.0
2017-08-09,469.96,478.99,465.52,474.09,980000,0.0,0.0
2017-08-10,470.48,472.46,459.14,460.08,573700,0.0,0.0
2017-08-11,462.35,467.86,459.23,466.59,496000,0.0,0.0
2017-08-14,469.97,476.8,466.99,474.54,537400,0.0,0.0
2017-08-15,473.87,475.01,470.49,472.57,378500,0.0,0.0
2017-08-16,475.58,475.58,467.24,468.54,383300,0.0,0.0
2017-08-17,469.82,470.04,461.77,464.02,711600,0.0,0.0
2017-08-18,461.9,470.86,460.56,467.98,549500,0.0,0.0
2017-08-21,467.75,472.49,467.43,469.74,510700,0.0,0.0
2017-08-22,470.0,483.0,469.2,478.65,503600,0.0,0.0
2017-08-23,475.0,480.86,472.32,477.15,410600,0.0,0.0
2017-08-24,477.27,488.82,474.34,485.26,539000,0.0,0.0
2017-08-25,485.25,487.77,477.38,477.8,531000,0.0,0.0
2017-08-28,483.92,486.35,477.78,479.22,831200,0.0,0.0
2017-08-29,476.88,481.35,473.37,479.03,546200,0.0,0.0
2017-08-30,480.51,495.85,477.97,487.12,729100,0.0,0.0
2017-08-31,488.4,502.42,484.0,496.9,871800,0.0,0.0
2017-09-01,498.24,505.49,497.09,504.0,699900,0.0,0.0
2017-09-05,499.81,503.54,489.37,494.36,657700,0.0,0.0
2017-09-06,499.69,503.33,492.87,500.22,441600,0.0,0.0
2017-09-07,489.0,489.0,467.0,471.92,1554400,0.0,0.0
2017-09-08,473.0,479.03,470.0,471.49,760800,0.0,0.0
2017-09-11,451.08,454.99,441.52,445.11,1984700,0.0,0.0
2017-09-12,448.12,448.12,440.0,444.48,880600,0.0,0.0
2017-09-13,445.0,445.0,433.16,437.74,1062800,0.0,0.0
2017-09-14,436.68,443.3,429.31,441.26,987700,0.0,0.0
2017-09-15,442.04,442.16,432.43,433.45,1002400,0.0,0.0
2017-09-18,433.48,439.03,430.05,434.64,672300,0.0,0.0
2017-09-19,433.26,434.64,426.47,431.38,699300,0.0,0.0
2017-09-20,431.64,438.44,429.55,438.17,692600,0.0,0.0
2017-09-21,435.0,438.77,429.47,433.45,556900,0.0,0.0
2017-09-22,431.12,433.77,427.04,432.72,626300,0.0,0.0
2017-09-25,431.99,442.9,431.64,438.15,834100,0.0,0.0
2017-09-26,440.4,442.8,433.32,434.97,453400,0.0,0.0
2017-09-27,435.64,437.61,432.5,435.43,499800,0.0,0.0
2017-09-28,433.29,439.04,433.29,435.11,456600,0.0,0.0
2017-09-29,435.28,450.23,435.28,447.12,909600,0.0,0.0
2017-10-02,448.31,465.0,445.41,462.24,1175800,0.0,0.0
2017-10-03,463.04,463.04,451.26,455.63,596700,0.0,0.0
2017-10-04,454.1,458.92,450.11,456.05,610700,0.0,0.0
2017-10-05,455.95,477.0,451.1,463.4,1421300,0.0,0.0
2017-10-06,463.39,471.0,461.91,469.95,986000,0.0,0.0
2017-10-09,472.51,473.86,466.7,469.56,482800,0.0,0.0
2017-10-10,469.56,472.31,460.66,461.13,655700,0.0,0.0
2017-10-11,459.8,460.85,448.71,452.97,1197800,0.0,0.0
2017-10-12,454.0,454.52,444.2,447.15,704800,0.0,0.0
2017-10-13,448.5,449.74,441.04,442.96,718100,0.0,0.0
2017-10-16,444.0,453.55,443.11,445.68,508700,0.0,0.0
2017-10-17,444.41,448.57,442.01,442.56,644300,0.0,0.0
2017-10-18,443.2,444.99,435.55,439.37,547600,0.0,0.0
2017-10-19,439.59,443.0,438.0,440.94,639300,0.0,0.0
2017-10-20,430.17,435.16,427.0,432.98,990100,0.0,0.0
2017-10-23,433.28,437.9,430.05,432.76,778600,0.0,0.0
2017-10-24,435.52,436.75,425.61,426.51,701900,0.0,0.0
2017-10-25,424.53,429.73,420.52,421.93,982200,0.0,0.0
2017-10-26,416.7,420.61,412.49,416.04,852200,0.0,0.0
2017-10-27,413.29,416.04,406.52,409.22,1111600,0.0,0.0
2017-10-30,407.53,417.22,405.0,406.52,812000,0.0,0.0
2017-10-31,407.4,409.95,400.19,402.62,1051200,0.0,0.0
2017-11-01,403.81,405.5,394.56,397.0,1161000,0.0,0.0
2017-11-02,400.0,402.99,395.45,397.45,1453300,0.0,0.0
2017-11-03,400.02,408.55,400.02,408.41,896600,0.0,0.0
2017-11-06,410.01,416.89,406.5,406.63,833500,0.0,0.0
2017-11-07,407.26,411.67,401.76,404.39,786000,0.0,0.0
2017-11-08,418.01,432.5,405.0,415.17,1310100,0.0,0.0
2017-11-09,409.44,414.02,396.53,406.21,941900,0.0,0.0
2017-11-10,405.45,405.75,398.37,404.54,770800,0.0,0.0
2017-11-13,398.26,402.13,391.21,393.62,1416700,0.0,0.0
2017-11-14,392.75,395.59,383.83,384.8,1109600,0.0,0.0
2017-11-15,384.87,389.03,383.81,386.3,753800,0.0,0.0
2017-11-16,386.99,395.66,381.64,394.69,674200,0.0,0.0
2017-11-17,393.08,396.36,390.52,391.59,669100,0.0,0.0
2017-11-20,391.74,393.32,383.42,385.22,845700,0.0,0.0
2017-11-21,385.0,388.22,383.3,384.44,784700,0.0,0.0
2017-11-22,384.55,388.39,384.5,387.54,367400,0.0,0.0
2017-11-24,388.4,392.99,384.25,384.85,250500,0.0,0.0
2017-11-27,379.0,384.0,372.74,374.53,1194500,0.0,0.0
2017-11-28,370.78,371.76,361.16,366.0,1532000,0.0,0.0
2017-11-29,369.6,371.39,353.14,358.63,2652300,0.0,0.0
2017-11-30,358.57,362.5,354.73,361.86,1292700,0.0,0.0
2017-12-01,356.37,377.4,355.03,373.47,1819500,0.0,0.0
2017-12-04,375.5,382.52,372.06,378.37,1075100,0.0,0.0
2017-12-05,378.61,385.64,371.51,372.34,792500,0.0,0.0
2017-12-06,370.38,376.98,366.66,375.13,740900,0.0,0.0
2017-12-07,375.81,379.09,371.39,373.61,513400,0.0,0.0
2017-12-08,375.52,384.07,373.0,380.78,663900,0.0,0.0
2017-12-11,383.37,387.5,379.09,381.32,518000,0.0,0.0
2017-12-12,380.65,382.47,375.5,381.72,456400,0.0,0.0
2017-12-13,382.05,389.82,380.34,386.67,570600,0.0,0.0
2017-12-14,388.06,388.81,380.75,383.12,424500,0.0,0.0
2017-12-15,387.19,389.59,382.0,388.95,1271200,0.0,0.0
2017-12-18,390.91,390.91,382.9,383.39,623700,0.0,0.0
2017-12-19,382.62,390.42,381.48,385.72,579200,0.0,0.0
2017-12-20,385.35,387.84,381.18,382.89,516500,0.0,0.0
2017-12-21,381.85,390.55,381.18,384.14,508800,0.0,0.0
2017-12-22,383.5,385.27,377.08,381.0,412800,0.0,0.0
2017-12-26,381.18,388.0,379.29,387.43,454500,0.0,0.0
2017-12-27,387.95,389.31,382.87,384.09,409400,0.0,0.0
2017-12-28,385.27,387.12,378.9,382.82,354900,0.0,0.0
2017-12-29,381.87,382.65,375.0,375.96,624100,0.0,0.0
2018-01-02,379.48,384.81,377.11,382.6,621800,0.0,0.0
2018-01-03,383.14,396.78,381.14,393.78,721300,0.0,0.0
2018-01-04,394.5,394.95,382.4,382.95,650100,0.0,0.0
2018-01-05,385.85,388.79,381.95,385.1,461100,0.0,0.0
2018-01-08,384.4,387.33,371.26,372.52,1117800,0.0,0.0
2018-01-09,372.61,378.58,368.12,368.65,1207600,0.0,0.0
2018-01-10,368.65,371.42,365.6,366.46,805800,0.0,0.0
2018-01-11,367.0,370.09,363.0,368.26,627700,0.0,0.0
2018-01-12,369.45,370.01,366.73,366.96,830700,0.0,0.0
2018-01-16,368.92,374.81,367.35,370.21,1003400,0.0,0.0
2018-01-17,373.86,378.7,370.28,374.07,738900,0.0,0.0
2018-01-18,374.21,374.71,369.03,371.28,596400,0.0,0.0
2018-01-19,372.17,376.47,370.96,371.53,665000,0.0,0.0
2018-01-22,374.44,376.01,370.62,375.86,760100,0.0,0.0
2018-01-23,374.47,383.95,373.27,381.71,842200,0.0,0.0
2018-01-24,383.1,387.71,380.0,383.32,712900,0.0,0.0
2018-01-25,386.4,396.22,382.04,391.84,869800,0.0,0.0
2018-01-26,392.9,393.15,371.97,374.36,1429600,0.0,0.0
2018-01-29,373.5,385.71,371.51,382.88,1095200,0.0,0.0
2018-01-30,382.8,384.22,375.0,379.77,603700,0.0,0.0
2018-01-31,379.16,379.17,366.18,366.65,848700,0.0,0.0
2018-02-01,366.69,370.99,345.01,345.79,2403100,0.0,0.0
2018-02-02,345.17,353.97,340.65,347.86,1546600,0.0,0.0
2018-02-05,346.33,350.8,331.67,331.98,1297000,0.0,0.0
2018-02-06,328.44,339.1,319.5,338.8,2005600,0.0,0.0
2018-02-07,338.8,343.38,331.09,334.61,1022600,0.0,0.0
2018-02-08,342.03,352.5,322.02,322.62,1634600,0.0,0.0
2018-02-09,327.21,339.6,314.99,336.38,2088300,0.0,0.0
2018-02-12,339.68,350.99,334.87,342.67,1398200,0.0,0.0
2018-02-13,340.84,340.84,322.69,324.57,1557300,0.0,0.0
2018-02-14,321.34,330.84,313.53,330.69,1981400,0.0,0.0
2018-02-15,331.91,336.04,327.51,333.18,834400,0.0,0.0
2018-02-16,334.0,341.08,328.95,332.15,1175400,0.0,0.0
2018-02-20,331.0,332.41,322.1,323.04,844000,0.0,0.0
2018-02-21,320.55,324.66,316.17,317.51,946800,0.0,0.0
2018-02-22,317.43,321.66,315.3,315.82,841600,0.0,0.0
2018-02-23,318.06,323.9,315.15,323.86,688700,0.0,0.0
2018-02-26,324.35,326.16,320.6,324.89,552300,0.0,0.0
2018-02-27,324.96,327.87,318.5,320.97,935100,0.0,0.0
2018-02-28,321.13,324.21,318.96,320.44,840300,0.0,0.0
2018-03-01,320.35,327.38,320.23,321.78,923300,0.0,0.0
2018-03-02,321.94,333.13,321.5,330.47,909500,0.0,0.0
2018-03-05,327.97,334.15,327.97,333.91,746200,0.0,0.0
2018-03-06,335.0,337.0,328.2,333.48,716700,0.0,0.0
2018-03-07,330.33,335.04,328.28,334.41,599300,0.0,0.0
2018-03-08,334.58,341.17,332.84,340.78,836100,0.0,0.0
2018-03-09,343.58,344.79,339.48,341.7,759700,0.0,0.0
2018-03-12,346.0,346.73,337.42,344.55,1234400,0.0,0.0
2018-03-13,344.43,346.64,335.42,337.75,851500,0.0,0.0
2018-03-14,339.71,342.62,338.16,341.42,577800,0.0,0.0
2018-03-15,341.56,341.97,334.29,334.93,569600,0.0,0.0
2018-03-16,336.55,345.85,333.95,343.3,1348900,0.0,0.0
2018-03-19,343.0,352.59,335.63,339.08,924000,0.0,0.0
2018-03-20,338.48,339.98,330.69,333.86,690000,0.0,0.0
2018-03-21,334.09,337.61,333.16,334.87,431300,0.0,0.0
2018-03-22,331.16,336.0,327.51,327.69,608400,0.0,0.0
2018-03-23,327.52,332.32,321.2,321.29,693300,0.0,0.0
2018-03-26,325.58,331.0,317.71,330.71,733600,0.0,0.0
2018-03-27,332.65,335.7,326.94,329.24,996300,0.0,0.0
2018-03-28,329.8,340.4,328.5,338.48,1037400,0.0,0.0
2018-03-29,340.82,346.87,338.32,344.36,1032800,0.0,0.0
2018-04-02,342.45,345.49,324.77,330.56,1317100,0.0,0.0
2018-04-03,330.82,332.62,320.71,332.2,815400,0.0,0.0
2018-04-04,326.65,339.1,321.61,337.35,857500,0.0,0.0
2018-04-05,339.86,340.37,325.48,328.59,848500,0.0,0.0
2018-04-06,324.11,326.5,316.57,319.61,1010200,0.0,0.0
2018-04-09,318.65,324.29,315.37,319.7,681300,0.0,0.0
2018-04-10,322.56,328.88,321.39,328.04,554000,0.0,0.0
2018-04-11,326.07,328.55,322.28,322.78,688000,0.0,0.0
2018-04-12,323.99,327.28,323.0,325.08,575200,0.0,0.0
2018-04-13,326.86,328.59,319.26,321.56,846100,0.0,0.0
2018-04-16,324.4,324.4,317.63,318.2,816400,0.0,0.0
2018-04-17,319.65,324.76,318.98,322.63,874500,0.0,0.0
2018-04-18,323.4,323.91,320.75,321.39,405800,0.0,0.0
2018-04-19,320.51,322.69,315.37,315.83,546100,0.0,0.0
2018-04-20,316.31,318.19,311.34,314.25,688700,0.0,0.0
2018-04-23,316.03,318.48,313.81,316.01,605800,0.0,0.0
2018-04-24,317.99,318.52,310.51,312.0,752300,0.0,0.0
2018-04-25,312.0,321.23,311.04,316.17,704400,0.0,0.0
2018-04-26,318.08,327.16,316.24,323.97,803000,0.0,0.0
2018-04-27,317.0,317.99,299.56,313.05,2085600,0.0,0.0
2018-04-30,311.0,311.0,298.19,303.68,1568900,0.0,0.0
2018-05-01,302.93,303.56,294.11,301.22,1195300,0.0,0.0
2018-05-02,299.92,303.55,295.75,296.14,1036000,0.0,0.0
2018-05-03,297.6,307.72,288.16,292.41,1259500,0.0,0.0
2018-05-04,290.16,292.91,287.55,291.25,1398700,0.0,0.0
2018-05-07,293.53,294.5,286.32,288.54,1037300,0.0,0.0
2018-05-08,290.5,292.0,284.04,285.86,758800,0.0,0.0
2018-05-09,285.0,288.61,281.89,284.6,764400,0.0,0.0
2018-05-10,285.01,289.98,282.59,288.9,720400,0.0,0.0
2018-05-11,290.44,314.84,290.44,306.94,2944500,0.0,0.0
2018-05-14,307.0,310.95,302.0,309.54,1258000,0.0,0.0
2018-05-15,306.42,306.96,299.62,300.45,819900,0.0,0.0
2018-05-16,300.63,306.46,297.47,303.21,667900,0.0,0.0
2018-05-17,302.57,308.5,300.4,308.0,1229100,0.0,0.0
2018-05-18,307.85,307.85,300.0,301.81,938300,0.0,0.0
2018-05-21,303.75,304.31,294.18,296.6,766700,0.0,0.0
2018-05-22,297.88,299.71,293.53,294.68,441900,0.0,0.0
2018-05-23,292.29,296.26,291.1,295.31,568700,0.0,0.0
2018-05-24,295.58,296.92,293.35,294.61,585400,0.0,0.0
2018-05-25,294.12,295.57,292.5,293.74,637400,0.0,0.0
2018-05-29,291.79,298.0,291.69,296.5,737500,0.0,0.0
2018-05-30,297.05,301.71,294.02,300.89,775700,0.0,0.0
2018-05-31,301.37,304.87,297.64,300.32,670800,0.0,0.0
2018-06-01,301.34,311.36,297.78,306.88,1012700,0.0,0.0
2018-06-04,307.64,314.79,304.96,312.09,1153400,0.0,0.0
2018-06-05,310.14,315.38,306.49,311.85,714000,0.0,0.0
2018-06-06,312.89,315.68,312.01,315.13,630000,0.0,0.0
2018-06-07,315.53,317.25,305.28,308.72,829700,0.0,0.0
2018-06-08,308.22,310.62,303.52,308.1,644300,0.0,0.0
2018-06-11,308.0,313.93,306.13,311.95,535500,0.0,0.0
2018-06-12,311.71,312.42,308.84,309.53,353600,0.0,0.0
2018-06-13,310.12,313.67,307.63,308.28,465200,0.0,0.0
2018-06-14,309.94,317.82,307.58,315.67,606900,0.0,0.0
2018-06-15,316.9,320.69,310.36,315.3,1034200,0.0,0.0
2018-06-18,312.26,316.26,309.71,315.61,613900,0.0,0.0
2018-06-19,314.63,327.56,312.41,327.07,1096400,0.0,0.0
2018-06-20,327.66,338.48,327.66,336.93,1300000,0.0,0.0
2018-06-21,336.87,336.88,323.67,329.04,1014100,0.0,0.0
2018-06-22,330.05,334.53,326.9,331.97,714900,0.0,0.0
2018-06-25,328.95,332.18,321.74,327.11,574400,0.0,0.0
2018-06-26,327.89,330.25,321.77,327.23,655000,0.0,0.0
2018-06-27,336.69,342.66,333.0,336.61,1500900,0.0,0.0
2018-06-28,336.63,343.34,332.96,341.82,948300,0.0,0.0
2018-06-29,343.6,349.24,343.15,344.99,1205600,0.0,0.0
2018-07-02,344.95,351.47,342.58,351.14,871600,0.0,0.0
2018-07-03,352.0,355.98,347.0,353.86,540600,0.0,0.0
2018-07-05,356.37,362.77,353.5,360.95,954300,0.0,0.0
2018-07-06,364.0,370.5,358.81,369.59,1002500,0.0,0.0
2018-07-09,370.3,374.84,366.2,371.31,881400,0.0,0.0
2018-07-10,371.28,371.32,364.2,366.27,921300,0.0,0.0
2018-07-11,365.08,366.52,362.53,365.21,595800,0.0,0.0
2018-07-12,366.59,367.59,359.34,366.43,698100,0.0,0.0
2018-07-13,366.3,370.14,364.66,367.64,546200,0.0,0.0
2018-07-16,368.56,368.56,359.76,364.75,596400,0.0,0.0
2018-07-17,364.03,366.67,362.04,365.43,415300,0.0,0.0
2018-07-18,365.52,367.23,360.72,365.98,456700,0.0,0.0
2018-07-19,363.64,368.2,362.58,367.74,667000,0.0,0.0
2018-07-20,367.04,368.8,363.69,367.11,965100,0.0,0.0
2018-07-23,367.19,368.23,363.19,366.21,1106500,0.0,0.0
2018-07-24,369.88,374.48,366.21,372.77,846700,0.0,0.0
2018-07-25,370.98,376.11,369.57,374.49,672700,0.0,0.0
2018-07-26,376.0,376.75,369.22,373.59,579300,0.0,0.0
2018-07-27,373.14,373.66,361.65,367.6,1093900,0.0,0.0
2018-07-30,365.56,375.76,363.16,371.51,758400,0.0,0.0
2018-07-31,372.64,375.0,365.44,368.01,961500,0.0,0.0
2018-08-01,366.74,373.22,365.82,371.03,675200,0.0,0.0
2018-08-02,372.48,401.5,367.52,397.0,2148400,0.0,0.0
2018-08-03,395.18,399.0,390.75,394.88,1312200,0.0,0.0
2018-08-06,394.0,395.84,389.52,390.05,769100,0.0,0.0
2018-08-07,391.29,395.32,388.22,391.42,477700,0.0,0.0
2018-08-08,380.0,380.0,367.63,374.27,1161000,0.0,0.0
2018-08-09,372.77,374.41,363.25,372.14,1000600,0.0,0.0
2018-08-10,371.22,371.85,364.86,368.78,633400,0.0,0.0
2018-08-13,367.0,368.57,362.31,366.45,590200,0.0,0.0
2018-08-14,367.05,369.4,364.96,366.23,517700,0.0,0.0
2018-08-15,365.0,369.0,361.19,361.87,551100,0.0,0.0
2018-08-16,364.48,373.92,361.76,371.78,595400,0.0,0.0
2018-08-17,373.0,377.86,370.17,374.26,669600,0.0,0.0
2018-08-20,375.93,377.54,371.39,374.8,543800,0.0,0.0
2018-08-21,374.55,381.35,374.15,378.56,553500,0.0,0.0
2018-08-22,376.24,382.19,372.03,380.17,464700,0.0,0.0
2018-08-23,378.84,382.14,376.59,379.19,438900,0.0,0.0
2018-08-24,378.35,380.19,374.6,376.33,421300,0.0,0.0
2018-08-27,378.69,389.08,377.04,388.44,847700,0.0,0.0
2018-08-28,390.0,392.26,387.05,390.05,657900,0.0,0.0
2018-08-29,392.5,408.75,388.91,406.62,1234200,0.0,0.0
2018-08-30,405.96,416.49,405.15,408.51,956700,0.0,0.0
2018-08-31,407.2,412.17,406.3,406.75,484400,0.0,0.0
2018-09-04,405.5,410.74,399.47,403.93,627100,0.0,0.0
2018-09-05,404.12,409.67,403.0,406.94,541000,0.0,0.0
2018-09-06,405.94,405.94,392.71,397.93,483900,0.0,0.0
2018-09-07,395.42,397.67,388.02,395.42,503600,0.0,0.0
2018-09-10,396.25,398.47,392.1,395.04,355700,0.0,0.0
2018-09-11,394.16,396.02,389.63,393.77,346000,0.0,0.0
2018-09-12,394.84,396.55,382.44,388.88,684200,0.0,0.0
2018-09-13,390.28,398.57,389.25,397.71,538800,0.0,0.0
2018-09-14,397.78,400.0,388.11,392.17,493400,0.0,0.0
2018-09-17,392.76,394.53,386.05,386.49,525800,0.0,0.0
2018-09-18,382.73,392.47,375.21,388.33,644600,0.0,0.0
2018-09-19,386.84,386.98,381.94,383.7,610500,0.0,0.0
2018-09-20,385.06,389.32,383.0,387.25,680600,0.0,0.0
2018-09-21,389.73,393.32,387.39,390.28,1147800,0.0,0.0
2018-09-24,387.29,393.8,385.95,390.19,372800,0.0,0.0
2018-09-25,391.6,394.77,388.67,390.05,442200,0.0,0.0
2018-09-26,389.71,396.55,388.91,391.53,406200,0.0,0.0
2018-09-27,391.11,407.1,390.01,406.0,813200,0.0,0.0
2018-09-28,405.92,410.0,400.27,404.04,841600,0.0,0.0
2018-10-01,406.41,410.0,392.0,394.23,866700,0.0,0.0
2018-10-02,395.85,405.75,395.01,400.57,586900,0.0,0.0
2018-10-03,401.37,403.59,397.98,403.04,516200,0.0,0.0
2018-10-04,401.36,401.43,387.84,392.05,627500,0.0,0.0
2018-10-05,393.92,400.75,386.75,391.77,453700,0.0,0.0
2018-10-08,391.57,396.23,386.43,394.15,371500,0.0,0.0
2018-10-09,394.0,396.64,388.68,392.53,422000,0.0,0.0
2018-10-10,390.6,397.94,381.0,381.94,673300,0.0,0.0
2018-10-11,382.65,384.18,367.73,371.67,761600,0.0,0.0
2018-10-12,377.12,385.94,373.1,384.16,810200,0.0,0.0
2018-10-15,384.16,385.78,374.4,377.55,444900,0.0,0.0
2018-10-16,381.31,399.4,380.78,398.52,684500,0.0,0.0
2018-10-17,398.07,401.0,392.45,399.06,440000,0.0,0.0
2018-10-18,399.9,399.9,389.99,395.22,553500,0.0,0.0
2018-10-19,396.58,400.22,387.52,389.83,728900,0.0,0.0
2018-10-22,393.29,398.28,383.61,387.8,643900,0.0,0.0
2018-10-23,384.17,387.19,377.09,380.69,778000,0.0,0.0
2018-10-24,380.28,386.09,350.78,351.39,1416600,0.0,0.0
2018-10-25,342.58,348.99,330.73,336.94,2351700,0.0,0.0
2018-10-26,329.99,342.79,329.1,335.82,1038700,0.0,0.0
2018-10-29,343.43,343.43,327.58,336.18,947000,0.0,0.0
2018-10-30,335.86,347.98,332.4,339.7,1086800,0.0,0.0
2018-10-31,344.82,347.0,335.44,339.24,890300,0.0,0.0
2018-11-01,339.0,355.53,339.0,355.11,997300,0.0,0.0
2018-11-02,358.21,361.18,347.74,352.59,663600,0.0,0.0
2018-11-05,354.36,360.6,352.62,354.93,819100,0.0,0.0
2018-11-06,359.21,367.0,349.59,357.61,981400,0.0,0.0
2018-11-07,359.88,365.68,355.89,364.25,823600,0.0,0.0
2018-11-08,359.38,365.47,358.02,363.34,536600,0.0,0.0
2018-11-09,362.1,362.55,352.58,356.66,544000,0.0,0.0
2018-11-12,355.93,357.92,344.63,346.56,657100,0.0,0.0
2018-11-13,349.11,352.68,341.08,342.1,594100,0.0,0.0
2018-11-14,344.64,349.85,335.8,337.29,935300,0.0,0.0
2018-11-15,334.51,344.49,332.0,341.65,796700,0.0,0.0
2018-11-16,340.2,347.33,338.57,345.33,768300,0.0,0.0
2018-11-19,343.45,345.24,333.93,338.99,827800,0.0,0.0
2018-11-20,337.47,343.67,331.54,337.29,552500,0.0,0.0
2018-11-21,339.6,345.58,339.21,343.17,481200,0.0,0.0
2018-11-23,340.2,349.63,339.92,340.86,199500,0.0,0.0
2018-11-26,343.96,355.14,341.84,353.18,706000,0.0,0.0
2018-11-27,351.48,356.99,348.27,353.59,558600,0.0,0.0
2018-11-28,354.62,363.72,350.45,363.64,651100,0.0,0.0
2018-11-29,360.01,364.89,357.56,359.57,555700,0.0,0.0
2018-11-30,361.1,368.24,359.5,365.65,696800,0.0,0.0
2018-12-03,372.5,394.98,372.24,382.61,1100700,0.0,0.0
2018-12-04,382.63,396.32,371.65,372.8,1012900,0.0,0.0
2018-12-06,367.32,381.97,364.89,381.69,896700,0.0,0.0
2018-12-07,379.28,389.3,370.35,372.83,835800,0.0,0.0
2018-12-10,374.52,380.31,367.35,377.59,876100,0.0,0.0
2018-12-11,382.17,385.22,372.39,375.72,814700,0.0,0.0
2018-12-12,381.2,385.98,376.83,377.96,601200,0.0,0.0
2018-12-13,378.26,381.98,372.65,378.51,478900,0.0,0.0
2018-12-14,382.96,386.9,379.0,381.17,758400,0.0,0.0
2018-12-17,381.7,386.35,370.6,375.5,833100,0.0,0.0
2018-12-18,377.55,381.49,364.73,369.0,804800,0.0,0.0
2018-12-19,369.0,373.4,355.45,360.7,827100,0.0,0.0
2018-12-20,360.95,363.82,354.33,356.23,852400,0.0,0.0
2018-12-21,357.6,363.0,344.18,344.6,1514200,0.0,0.0
2018-12-24,343.33,347.89,340.34,340.64,463800,0.0,0.0
2018-12-26,341.98,363.53,339.13,363.29,832700,0.0,0.0
2018-12-27,359.45,364.87,352.6,364.79,690200,0.0,0.0
2018-12-28,366.55,371.21,361.54,362.62,522200,0.0,0.0
2018-12-31,364.73,374.75,364.64,373.5,680200,0.0,0.0
2019-01-02,368.15,376.79,366.01,372.44,599600,0.0,0.0
2019-01-03,373.66,385.94,371.58,372.08,750200,0.0,0.0
2019-01-04,379.54,399.7,377.65,397.55,1207600,0.0,0.0
2019-01-07,397.34,400.8,393.94,396.63,959400,0.0,0.0
2019-01-08,399.31,401.09,389.0,397.26,963500,0.0,0.0
2019-01-09,398.02,401.46,395.61,399.58,615600,0.0,0.0
2019-01-10,399.4,410.0,395.98,408.06,949300,0.0,0.0
2019-01-11,405.65,412.29,403.55,408.63,758000,0.0,0.0
2019-01-14,408.16,408.16,399.11,400.73,693300,0.0,0.0
2019-01-15,401.42,405.16,399.63,405.02,475100,0.0,0.0
2019-01-16,406.17,410.63,402.85,404.54,468800,0.0,0.0
2019-01-17,402.72,420.29,402.72,417.38,860200,0.0,0.0
2019-01-18,420.42,420.48,410.0,418.84,710400,0.0,0.0
2019-01-22,415.77,421.99,404.0,404.75,899500,0.0,0.0
2019-01-23,404.92,406.79,393.17,401.21,914000,0.0,0.0
2019-01-24,401.8,408.88,399.16,407.93,655100,0.0,0.0
2019-01-25,410.85,418.95,406.1,418.29,668000,0.0,0.0
2019-01-28,415.11,416.49,408.81,413.95,761000,0.0,0.0
2019-01-29,415.72,418.51,413.0,417.15,724700,0.0,0.0
2019-01-30,416.35,420.44,412.63,419.91,867800,0.0,0.0
2019-01-31,419.68,430.58,419.45,429.27,1441800,0.0,0.0
2019-02-01,428.52,431.32,425.32,430.15,702300,0.0,0.0
2019-02-04,428.92,429.06,422.49,425.4,474600,0.0,0.0
2019-02-05,426.11,427.5,419.63,421.04,629600,0.0,0.0
2019-02-06,428.9,429.9,406.4,406.56,1330800,0.0,0.0
2019-02-07,408.29,414.22,404.27,406.46,738400,0.0,0.0
2019-02-08,405.44,408.0,399.29,406.86,692100,0.0,0.0
2019-02-11,409.37,413.35,403.0,408.51,587000,0.0,0.0
2019-02-12,411.56,418.1,408.02,416.34,636900,0.0,0.0
2019-02-13,415.98,421.66,411.51,412.09,349300,0.0,0.0
2019-02-14,412.0,416.26,408.57,414.97,349600,0.0,0.0
2019-02-15,417.97,424.39,415.72,423.97,700000,0.0,0.0
2019-02-19,423.74,426.41,420.35,420.6,397800,0.0,0.0
2019-02-20,420.0,423.4,417.08,422.51,411100,0.0,0.0
2019-02-21,421.81,422.61,415.58,418.62,406600,0.0,0.0
2019-02-22,418.21,423.65,416.0,422.52,386600,0.0,0.0
2019-02-25,424.94,426.53,415.76,420.38,660400,0.0,0.0
2019-02-26,418.57,428.06,415.83,426.15,611100,0.0,0.0
2019-02-27,424.0,433.74,424.0,433.33,598800,0.0,0.0
2019-02-28,430.19,434.35,428.62,430.74,518000,0.0,0.0
2019-03-01,434.8,440.05,431.93,439.57,511000,0.0,0.0
2019-03-04,441.18,442.0,428.36,433.83,769300,0.0,0.0
2019-03-05,432.12,439.65,430.49,437.13,478300,0.0,0.0
2019-03-06,436.93,438.02,421.31,423.69,812300,0.0,0.0
2019-03-07,422.9,422.9,409.19,409.58,1020800,0.0,0.0
2019-03-08,407.51,407.51,399.58,402.64,1091700,0.0,0.0
2019-03-11,404.15,413.21,402.25,412.05,874200,0.0,0.0
2019-03-12,413.56,421.8,411.19,417.62,839700,0.0,0.0
2019-03-13,419.38,419.6,408.53,409.01,988800,0.0,0.0
2019-03-14,409.89,412.36,406.34,407.5,925200,0.0,0.0
2019-03-15,408.47,415.0,408.4,414.47,1158500,0.0,0.0
2019-03-18,410.0,413.76,404.84,407.6,545700,0.0,0.0
2019-03-19,407.74,409.72,404.4,406.99,627900,0.0,0.0
2019-03-20,407.79,409.68,402.82,405.5,479500,0.0,0.0
2019-03-21,401.0,405.12,396.84,402.59,880900,0.0,0.0
2019-03-22,401.48,402.59,391.43,391.8,552600,0.0,0.0
2019-03-25,391.42,397.61,388.49,395.0,431600,0.0,0.0
2019-03-26,398.78,406.23,398.52,405.62,674800,0.0,0.0
2019-03-27,405.07,407.45,398.36,402.87,450800,0.0,0.0
2019-03-28,405.67,408.31,402.3,404.83,436300,0.0,0.0
2019-03-29,406.74,412.6,406.74,410.62,492300,0.0,0.0
2019-04-01,412.51,412.9,408.0,410.05,496500,0.0,0.0
2019-04-02,411.35,415.89,407.56,414.82,513000,0.0,0.0
2019-04-03,414.34,415.16,400.84,407.0,789300,0.0,0.0
2019-04-04,408.0,410.8,400.83,406.53,517300,0.0,0.0
2019-04-05,408.17,412.63,406.55,408.94,657400,0.0,0.0
2019-04-08,408.08,410.94,396.0,401.26,703800,0.0,0.0
2019-04-09,400.0,400.34,395.14,395.73,577700,0.0,0.0
2019-04-10,397.18,408.48,394.33,408.23,579700,0.0,0.0
2019-04-11,410.0,410.19,391.73,393.48,843500,0.0,0.0
2019-04-12,393.17,394.5,381.18,382.94,1254100,0.0,0.0
2019-04-15,382.81,385.99,375.2,375.5,811500,0.0,0.0
2019-04-16,377.9,383.0,366.36,367.69,1054900,0.0,0.0
2019-04-17,366.96,368.02,342.02,342.97,1978400,0.0,0.0
2019-04-18,346.4,347.55,332.22,333.34,1920400,0.0,0.0
2019-04-22,332.5,336.0,329.0,334.03,921700,0.0,0.0
2019-04-23,335.51,346.64,334.46,344.14,972700,0.0,0.0
2019-04-24,344.43,346.32,338.67,340.46,850700,0.0,0.0
2019-04-25,340.38,351.9,337.66,349.99,891200,0.0,0.0
2019-04-26,351.25,351.67,339.61,343.66,846000,0.0,0.0
2019-04-29,343.13,345.98,338.62,344.15,598100,0.0,0.0
2019-04-30,343.8,345.04,337.96,343.14,554800,0.0,0.0
2019-05-01,343.04,345.44,338.91,340.79,503400,0.0,0.0
2019-05-02,342.69,344.29,331.25,335.41,812400,0.0,0.0
2019-05-03,336.98,339.71,334.67,336.89,848300,0.0,0.0
2019-05-06,332.2,344.92,332.2,344.23,916700,0.0,0.0
2019-05-07,333.0,336.5,318.7,322.4,1967300,0.0,0.0
2019-05-08,319.33,329.75,319.33,329.0,1183700,0.0,0.0
2019-05-09,325.79,327.36,320.74,324.17,864100,0.0,0.0
2019-05-10,323.56,323.81,311.35,312.86,1407500,0.0,0.0
2019-05-13,306.67,309.3,299.11,305.15,1153600,0.0,0.0
2019-05-14,306.35,309.19,303.59,304.62,836900,0.0,0.0
2019-05-15,301.95,306.27,297.32,305.85,784100,0.0,0.0
2019-05-16,306.22,314.06,304.0,308.04,1049100,0.0,0.0
2019-05-17,305.8,309.21,303.7,304.94,756000,0.0,0.0
2019-05-20,301.52,304.57,297.27,302.57,738600,0.0,0.0
2019-05-21,304.88,314.29,304.88,309.95,999900,0.0,0.0
2019-05-22,308.01,321.49,302.73,320.09,1252700,0.0,0.0
2019-05-23,316.76,318.66,310.37,315.26,934700,0.0,0.0
2019-05-24,316.66,318.81,308.47,312.56,401100,0.0,0.0
2019-05-28,313.38,315.79,307.7,307.93,718300,0.0,0.0
2019-05-29,307.09,310.67,302.78,307.78,627100,0.0,0.0
2019-05-30,308.61,310.36,302.88,307.96,627800,0.0,0.0
2019-05-31,305.98,306.45,295.73,301.72,863500,0.0,0.0
2019-06-03,301.13,309.74,301.13,303.95,670200,0.0,0.0
2019-06-04,306.03,309.42,300.58,302.06,844600,0.0,0.0
2019-06-05,304.84,304.95,295.27,300.0,979900,0.0,0.0
2019-06-06,300.12,304.53,298.73,299.6,767600,0.0,0.0
2019-06-07,302.08,307.0,297.86,306.72,775500,0.0,0.0
2019-06-10,306.54,310.92,303.51,304.25,726000,0.0,0.0
2019-06-11,306.88,309.62,306.23,306.84,554900,0.0,0.0
2019-06-12,306.83,309.47,305.25,306.16,556000,0.0,0.0
2019-06-13,307.18,308.19,302.32,307.42,653900,0.0,0.0
2019-06-14,306.81,315.2,304.0,305.24,624200,0.0,0.0
2019-06-17,307.34,312.92,301.76,310.98,587900,0.0,0.0
2019-06-18,311.1,317.84,305.76,306.63,1001000,0.0,0.0
2019-06-19,306.34,311.9,303.77,310.83,971200,0.0,0.0
2019-06-20,315.7,327.83,315.25,320.48,1617100,0.0,0.0
2019-06-21,324.26,324.26,312.0,320.26,1493700,0.0,0.0
2019-06-24,318.76,320.32,311.26,312.55,780700,0.0,0.0
2019-06-25,313.13,317.42,311.84,312.9,702200,0.0,0.0
2019-06-26,313.25,316.65,300.52,305.08,1005000,0.0,0.0
2019-06-27,306.24,311.57,304.07,310.67,564700,0.0,0.0
2019-06-28,312.12,316.25,311.24,313.0,1499000,0.0,0.0
2019-07-01,317.61,318.6,313.15,316.56,688700,0.0,0.0
2019-07-02,317.62,320.43,313.0,315.53,758200,0.0,0.0
2019-07-03,317.42,320.36,312.53,318.39,545000,0.0,0.0
2019-07-05,316.15,320.76,306.08,307.0,799600,0.0,0.0
2019-07-08,305.1,305.86,296.81,302.84,928800,0.0,0.0
2019-07-09,300.92,308.39,300.0,307.97,789800,0.0,0.0
2019-07-10,308.15,309.84,291.66,301.43,1533800,0.0,0.0
2019-07-11,296.99,296.99,288.0,291.82,1414200,0.0,0.0
2019-07-12,292.12,295.49,287.66,292.56,648400,0.0,0.0
2019-07-15,292.98,300.34,289.53,298.2,875900,0.0,0.0
2019-07-16,299.19,299.69,295.78,298.37,492500,0.0,0.0
2019-07-17,297.26,303.3,297.08,299.42,646300,0.0,0.0
2019-07-18,299.79,304.2,297.2,303.09,548000,0.0,0.0
2019-07-19,303.52,303.68,296.35,298.11,692700,0.0,0.0
2019-07-22,298.2,300.32,294.7,296.52,609000,0.0,0.0
2019-07-23,298.34,310.87,296.91,309.26,992100,0.0,0.0
2019-07-24,310.87,314.29,303.59,313.63,1144900,0.0,0.0
2019-07-25,311.12,311.52,302.92,303.42,679500,0.0,0.0
2019-07-26,304.35,309.73,300.61,309.18,956700,0.0,0.0
2019-07-29,314.5,314.95,302.81,306.04,691600,0.0,0.0
2019-07-30,304.31,311.27,303.52,311.13,512700,0.0,0.0
2019-07-31,309.8,312.26,301.2,304.76,690600,0.0,0.0
2019-08-01,306.68,313.93,304.61,309.43,704200,0.0,0.0
2019-08-02,308.95,311.11,303.06,305.24,506500,0.0,0.0
2019-08-05,302.15,304.0,296.52,299.57,845300,0.0,0.0
2019-08-06,304.48,306.0,293.4,300.26,1188200,0.0,0.0
2019-08-07,297.66,304.61,294.01,302.22,811600,0.0,0.0
2019-08-08,303.12,310.08,303.12,309.87,694000,0.0,0.0
2019-08-09,308.84,310.18,299.98,304.89,537200,0.0,0.0
2019-08-12,298.64,305.1,295.61,295.87,543400,0.0,0.0
2019-08-13,298.13,307.67,296.94,304.86,610800,0.0,0.0
2019-08-14,301.83,304.3,292.42,293.53,676400,0.0,0.0
2019-08-15,295.37,296.91,290.47,293.11,564000,0.0,0.0
2019-08-16,295.32,297.35,290.72,296.85,730200,0.0,0.0
2019-08-19,299.34,300.82,296.8,298.38,781200,0.0,0.0
2019-08-20,299.21,301.0,294.99,296.03,571500,0.0,0.0
2019-08-21,297.98,300.51,295.02,297.78,451700,0.0,0.0
2019-08-22,297.5,298.95,291.61,295.02,441400,0.0,0.0
2019-08-23,293.96,296.26,285.55,286.85,815800,0.0,0.0
2019-08-26,288.24,290.37,283.49,284.73,527500,0.0,0.0
2019-08-27,285.87,291.14,281.11,281.41,801500,0.0,0.0
2019-08-28,280.04,290.29,279.39,287.64,713600,0.0,0.0
2019-08-29,289.79,292.7,287.09,290.57,509300,0.0,0.0
2019-08-30,292.02,293.46,287.25,290.05,604500,0.0,0.0
2019-09-03,289.2,290.39,281.25,285.12,566000,0.0,0.0
2019-09-04,288.21,288.99,282.31,286.5,628600,0.0,0.0
2019-09-05,287.94,293.64,287.94,289.37,494100,0.0,0.0
2019-09-06,290.45,293.2,287.67,292.0,570100,0.0,0.0
2019-09-09,291.53,291.93,278.72,279.0,927500,0.0,0.0
2019-09-10,279.03,285.05,271.57,283.72,1159800,0.0,0.0
2019-09-11,284.0,287.48,282.55,283.33,517600,0.0,0.0
2019-09-12,284.64,288.88,281.01,284.18,539800,0.0,0.0
2019-09-13,283.84,287.0,279.47,281.62,617100,0.0,0.0
2019-09-16,280.5,287.28,280.5,285.89,476100,0.0,0.0
2019-09-17,284.77,288.89,283.65,288.12,604700,0.0,0.0
2019-09-18,288.55,288.55,281.4,285.06,548800,0.0,0.0
2019-09-19,284.66,287.95,284.66,286.15,404900,0.0,0.0
2019-09-20,288.75,297.64,286.68,295.87,1661800,0.0,0.0
2019-09-23,297.36,299.98,293.03,294.7,649400,0.0,0.0
2019-09-24,295.02,296.0,287.62,289.71,642300,0.0,0.0
2019-09-25,290.21,291.9,286.33,286.65,468800,0.0,0.0
2019-09-26,287.7,287.7,277.86,281.31,855900,0.0,0.0
2019-09-27,280.45,282.81,271.37,273.46,770400,0.0,0.0
2019-09-30,275.3,280.05,272.02,277.4,515100,0.0,0.0
2019-10-01,277.27,279.41,273.4,276.47,589600,0.0,0.0
2019-10-02,275.31,277.86,272.26,274.13,572100,0.0,0.0
2019-10-03,274.35,281.7,272.27,280.72,632000,0.0,0.0
2019-10-04,281.66,284.04,278.0,282.93,511900,0.0,0.0
2019-10-07,280.66,287.77,280.66,283.81,422700,0.0,0.0
2019-10-08,280.51,288.63,279.22,285.1,984000,0.0,0.0
2019-10-09,286.82,292.25,286.09,290.83,980600,0.0,0.0
2019-10-10,289.38,299.95,288.98,298.36,960600,0.0,0.0
2019-10-11,300.11,306.42,298.9,300.77,1074600,0.0,0.0
2019-10-14,299.4,310.15,298.6,305.44,840700,0.0,0.0
2019-10-15,305.35,306.96,303.0,303.82,731900,0.0,0.0
2019-10-16,302.26,303.39,298.28,299.4,827000,0.0,0.0
2019-10-17,301.21,302.71,299.94,301.57,445700,0.0,0.0
2019-10-18,303.51,303.51,298.7,300.19,530000,0.0,0.0
2019-10-21,301.97,301.97,294.86,297.99,496800,0.0,0.0
2019-10-22,305.0,306.93,301.2,301.31,723200,0.0,0.0
2019-10-23,301.86,307.07,299.47,305.02,589300,0.0,0.0
2019-10-24,303.75,306.09,299.22,305.77,565800,0.0,0.0
2019-10-25,305.28,308.01,301.79,306.21,412800,0.0,0.0
2019-10-28,305.62,310.53,303.22,308.56,384800,0.0,0.0
2019-10-29,310.0,313.39,308.59,310.46,387600,0.0,0.0
2019-10-30,310.1,311.79,306.12,311.0,604400,0.0,0.0
2019-10-31,310.62,311.38,303.49,306.28,741100,0.0,0.0
2019-11-01,309.0,313.16,307.44,310.48,829800,0.0,0.0
2019-11-04,313.05,315.94,310.74,311.04,632800,0.0,0.0
2019-11-05,323.36,344.1,322.11,332.6,2345700,0.0,0.0
2019-11-06,331.37,333.28,324.27,324.49,1017700,0.0,0.0
2019-11-07,329.18,333.72,325.62,326.39,952300,0.0,0.0
2019-11-08,327.52,342.47,327.03,341.79,1106100,0.0,0.0
2019-11-11,340.34,344.99,338.71,344.28,611900,0.0,0.0
2019-11-12,344.0,349.94,341.36,348.41,905400,0.0,0.0
2019-11-13,346.33,349.63,341.82,348.3,1009400,0.0,0.0
2019-11-14,349.8,350.0,337.03,338.39,1029600,0.0,0.0
2019-11-15,340.95,349.86,338.71,344.87,912200,0.0,0.0
2019-11-18,342.59,344.21,337.53,340.19,622500,0.0,0.0
2019-11-19,344.18,348.19,340.21,344.46,630800,0.0,0.0
2019-11-20,341.98,347.42,341.98,344.24,1058100,0.0,0.0
2019-11-21,343.6,353.0,341.61,350.78,858300,0.0,0.0
2019-11-22,350.93,365.74,350.93,360.66,1286400,0.0,0.0
2019-11-25,362.44,367.02,358.48,366.82,845000,0.0,0.0
2019-11-26,366.87,367.4,361.76,363.83,735100,0.0,0.0
2019-11-27,365.07,372.59,364.62,371.58,734400,0.0,0.0
2019-11-29,372.06,372.47,366.77,369.0,463600,0.0,0.0
2019-12-02,368.18,369.0,363.07,366.08,652200,0.0,0.0
2019-12-03,366.99,369.5,363.4,368.81,929700,0.0,0.0
2019-12-04,369.19,373.34,367.57,369.97,605000,0.0,0.0
2019-12-05,370.97,372.0,366.16,368.34,501800,0.0,0.0
2019-12-06,369.52,373.73,368.3,372.26,575900,0.0,0.0
2019-12-09,373.09,373.09,362.89,365.63,974400,0.0,0.0
2019-12-10,357.15,372.15,357.0,367.67,1061600,0.0,0.0
2019-12-11,368.4,376.68,368.25,373.53,935700,0.0,0.0
2019-12-12,374.1,382.25,372.08,372.16,949900,0.0,0.0
2019-12-13,376.16,379.18,372.56,376.42,995900,0.0,0.0
2019-12-16,367.84,377.22,367.71,376.01,756600,0.0,0.0
2019-12-17,375.73,375.73,368.22,369.1,1002900,0.0,0.0
2019-12-18,370.3,373.63,368.73,371.36,831300,0.0,0.0
2019-12-19,371.95,373.98,363.14,372.55,903700,0.0,0.0
2019-12-20,374.94,375.8,371.01,375.62,1192800,0.0,0.0
2019-12-23,377.2,377.88,372.56,374.2,431200,0.0,0.0
2019-12-24,374.75,376.71,372.51,376.51,221500,0.0,0.0
2019-12-26,376.76,377.76,374.0,374.86,451900,0.0,0.0
2019-12-27,375.24,375.95,370.97,373.32,293000,0.0,0.0
2019-12-30,373.74,375.82,371.04,373.7,369200,0.0,0.0
2019-12-31,373.64,376.71,372.04,375.48,494600,0.0,0.0
2020-01-02,378.0,379.0,369.24,373.35,512400,0.0,0.0
2020-01-03,368.21,372.35,367.05,369.16,500800,0.0,0.0
2020-01-06,368.23,372.14,364.5,371.74,690800,0.0,0.0
2020-01-07,371.56,373.83,368.02,373.13,736400,0.0,0.0
2020-01-08,373.18,384.85,370.71,382.42,743100,0.0,0.0
2020-01-09,383.63,386.54,381.37,383.47,587500,0.0,0.0
2020-01-10,384.62,386.1,380.0,381.41,568100,0.0,0.0
2020-01-13,380.01,380.34,375.13,378.93,637200,0.0,0.0
2020-01-14,378.3,388.42,375.57,387.62,638900,0.0,0.0
2020-01-15,387.42,396.47,387.42,390.75,680700,0.0,0.0
2020-01-16,393.17,394.0,381.82,385.57,620500,0.0,0.0
2020-01-17,386.1,386.6,382.53,385.94,862800,0.0,0.0
2020-01-21,385.9,386.31,363.68,363.71,1488400,0.0,0.0
2020-01-22,365.72,367.14,356.46,359.14,1320300,0.0,0.0
2020-01-23,359.42,360.45,354.21,356.6,737600,0.0,0.0
2020-01-24,359.91,359.91,343.09,345.28,1103100,0.0,0.0
2020-01-27,341.2,343.32,336.17,339.42,775000,0.0,0.0
2020-01-28,341.6,345.77,337.3,344.08,729500,0.0,0.0
2020-01-29,346.25,347.97,338.9,339.25,558600,0.0,0.0
2020-01-30,335.68,337.57,331.57,336.18,664100,0.0,0.0
2020-01-31,333.17,338.98,328.13,337.94,988600,0.0,0.0
2020-02-03,339.69,347.0,339.39,341.12,930100,0.0,0.0
2020-02-04,347.9,359.49,347.62,356.0,956800,0.0,0.0
2020-02-05,364.84,376.68,363.0,372.16,1404400,0.0,0.0
2020-02-06,385.53,394.68,375.03,389.85,1605500,0.0,0.0
2020-02-07,391.07,391.37,378.51,381.87,1172400,0.0,0.0
2020-02-10,378.16,389.84,377.44,386.21,939500,0.0,0.0
2020-02-11,390.21,398.0,387.98,396.75,992800,0.0,0.0
2020-02-12,398.13,407.05,397.64,406.3,1076200,0.0,0.0
2020-02-13,406.44,408.0,398.1,398.81,656800,0.0,0.0
2020-02-14,399.1,402.09,393.39,399.55,536800,0.0,0.0
2020-02-18,396.82,402.0,395.01,397.65,512200,0.0,0.0
2020-02-19,397.86,402.21,395.31,400.81,564000,0.0,0.0
2020-02-20,399.9,401.09,393.76,399.14,660800,0.0,0.0
2020-02-21,396.07,404.54,392.86,403.15,655300,0.0,0.0
2020-02-24,395.54,426.36,386.84,425.38,2959700,0.0,0.0
2020-02-25,437.25,457.6,437.0,442.35,3568800,0.0,0.0
2020-02-26,444.02,461.34,442.44,457.92,2299300,0.0,0.0
2020-02-27,468.56,470.0,430.7,431.61,2093500,0.0,0.0
2020-02-28,422.37,445.05,418.22,444.57,1591000,0.0,0.0
2020-03-02,445.0,465.51,445.0,464.75,1713100,0.0,0.0
2020-03-03,454.72,467.69,448.11,461.55,1210600,0.0,0.0
2020-03-04,467.96,494.56,467.13,493.48,1960700,0.0,0.0
2020-03-05,480.94,500.0,480.0,488.17,1270200,0.0,0.0
2020-03-06,477.29,496.99,477.0,494.43,1130700,0.0,0.0
2020-03-09,466.94,486.69,466.15,474.44,1344100,0.0,0.0
2020-03-10,488.45,488.71,460.8,475.02,1390500,0.0,0.0
2020-03-11,479.11,485.98,459.61,464.7,1351800,0.0,0.0
2020-03-12,444.36,451.96,426.1,431.89,1627800,0.0,0.0
2020-03-13,445.01,466.04,418.01,465.55,1380700,0.0,0.0
2020-03-16,452.51,484.58,433.82,440.83,1926300,0.0,0.0
2020-03-17,494.0,512.98,473.0,491.69,3856500,0.0,0.0
2020-03-18,495.78,499.0,455.56,485.0,2529500,0.0,0.0
2020-03-19,483.93,518.0,469.45,489.83,2358200,0.0,0.0
2020-03-20,493.01,499.5,435.01,438.45,2027000,0.0,0.0
2020-03-23,449.84,477.0,433.28,455.63,1829300,0.0,0.0
2020-03-24,468.22,471.99,424.01,449.53,1615700,0.0,0.0
2020-03-25,443.04,458.83,427.08,429.78,1288000,0.0,0.0
2020-03-26,426.51,452.7,424.02,452.3,1686200,0.0,0.0
2020-03-27,446.03,465.79,445.15,449.52,1109000,0.0,0.0
2020-03-30,463.09,476.1,461.0,473.0,1337000,0.0,0.0
2020-03-31,474.0,495.48,463.8,488.29,1953200,0.0,0.0
2020-04-01,484.14,499.99,476.45,496.65,1679800,0.0,0.0
2020-04-02,494.29,501.0,483.11,498.75,1058900,0.0,0.0
2020-04-03,495.56,503.26,485.04,493.32,1169500,0.0,0.0
2020-04-06,503.38,511.01,488.89,504.27,1285500,0.0,0.0
2020-04-07,502.81,509.74,492.01,501.51,1046900,0.0,0.0
2020-04-08,502.21,514.11,488.0,512.33,1167100,0.0,0.0
2020-04-09,510.1,515.64,500.87,512.96,1011800,0.0,0.0
2020-04-13,512.01,519.0,504.12,517.02,789800,0.0,0.0
2020-04-14,524.62,525.9,517.0,524.84,962600,0.0,0.0
2020-04-15,525.3,527.1,510.5,511.69,836800,0.0,0.0
2020-04-16,518.92,541.97,517.62,539.93,1206300,0.0,0.0
2020-04-17,549.99,572.5,539.14,568.79,2133500,0.0,0.0
2020-04-20,566.71,574.32,560.39,567.99,949300,0.0,0.0
2020-04-21,566.06,568.99,536.8,544.46,1026300,0.0,0.0
2020-04-22,555.5,563.37,540.95,558.08,825800,0.0,0.0
2020-04-23,558.93,573.16,557.49,565.52,739500,0.0,0.0
2020-04-24,573.64,574.0,556.47,566.21,837100,0.0,0.0
2020-04-27,563.15,565.68,539.15,547.52,1467800,0.0,0.0
2020-04-28,537.48,539.98,522.42,528.61,1128200,0.0,0.0
2020-04-29,532.64,533.17,513.81,516.15,1306300,0.0,0.0
2020-04-30,513.99,527.43,507.69,525.88,938000,0.0,0.0
2020-05-01,524.23,529.21,514.55,525.5,482200,0.0,0.0
2020-05-04,528.18,544.2,527.62,541.82,885600,0.0,0.0
2020-05-05,563.06,581.0,561.27,574.37,1550700,0.0,0.0
2020-05-06,559.2,569.99,541.56,553.5,1906200,0.0,0.0
2020-05-07,564.39,570.21,555.96,559.83,1132100,0.0,0.0
2020-05-08,562.0,567.83,553.52,563.4,698900,0.0,0.0
2020-05-11,565.23,578.77,564.1,574.11,1040900,0.0,0.0
2020-05-12,576.98,578.0,556.45,557.54,918600,0.0,0.0
2020-05-13,560.65,581.78,558.51,577.12,1058900,0.0,0.0
2020-05-14,577.18,580.77,565.6,570.86,702300,0.0,0.0
2020-05-15,566.78,577.0,563.08,576.72,865700,0.0,0.0
2020-05-18,582.0,583.54,558.89,560.28,962800,0.0,0.0
2020-05-19,561.0,569.5,557.6,557.6,737900,0.0,0.0
2020-05-20,562.07,580.55,561.39,576.89,840800,0.0,0.0
2020-05-21,577.51,578.34,556.68,560.98,812600,0.0,0.0
2020-05-22,558.12,574.19,558.12,569.91,653500,0.0,0.0
2020-05-26,548.54,556.13,534.25,545.21,3742000,0.0,0.0
2020-05-27,538.7,555.53,522.02,544.01,5902600,0.0,0.0
2020-05-28,547.5,583.03,546.13,578.21,7869500,0.0,0.0
2020-05-29,580.7,615.36,571.52,612.81,6675100,0.0,0.0
2020-06-01,605.0,610.0,597.62,599.47,1579300,0.0,0.0
2020-06-02,602.2,618.71,591.67,617.66,1511500,0.0,0.0
2020-06-03,615.37,616.68,589.6,604.28,1541000,0.0,0.0
2020-06-04,596.99,610.99,592.79,598.54,851800,0.0,0.0
2020-06-05,585.0,600.14,578.43,597.0,1324100,0.0,0.0
2020-06-08,587.88,605.26,579.6,604.04,964700,0.0,0.0
2020-06-09,603.49,611.56,601.89,608.59,849900,0.0,0.0
2020-06-10,613.03,617.37,603.0,606.59,925500,0.0,0.0
2020-06-11,621.0,625.79,592.32,596.16,1515800,0.0,0.0
2020-06-12,616.01,619.68,583.14,588.39,1230200,0.0,0.0
2020-06-15,584.54,593.49,582.32,590.57,676100,0.0,0.0
2020-06-16,590.0,597.15,575.89,592.9,741400,0.0,0.0
2020-06-17,596.33,606.5,594.86,603.1,678000,0.0,0.0
2020-06-18,601.34,604.03,590.3,597.35,645000,0.0,0.0
2020-06-19,602.31,646.33,598.71,643.92,2668600,0.0,0.0
2020-06-22,634.09,634.19,618.19,628.48,1238800,0.0,0.0
2020-06-23,631.33,637.54,623.01,628.76,832700,0.0,0.0
2020-06-24,630.0,644.7,599.0,605.04,1459600,0.0,0.0
2020-06-25,604.67,620.29,602.51,619.96,813900,0.0,0.0
2020-06-26,611.02,616.35,601.56,611.36,1817800,0.0,0.0
2020-06-29,609.37,617.27,605.77,610.87,663200,0.0,0.0
2020-06-30,621.93,626.06,611.16,623.65,754900,0.0,0.0
2020-07-01,625.0,625.0,601.02,609.17,984700,0.0,0.0
2020-07-02,612.1,630.76,608.76,622.45,802500,0.0,0.0
2020-07-06,635.0,639.0,623.5,627.25,1041000,0.0,0.0
2020-07-07,636.03,653.53,628.23,640.88,1423100,0.0,0.0
2020-07-08,650.41,650.49,632.42,640.34,660100,0.0,0.0
2020-07-09,648.0,655.93,629.0,640.63,1009600,0.0,0.0
2020-07-10,638.4,639.99,617.95,620.86,929000,0.0,0.0
2020-07-13,623.67,633.84,614.11,615.88,733200,0.0,0.0
2020-07-14,615.58,644.34,612.2,641.23,864200,0.0,0.0
2020-07-15,641.99,644.74,626.5,632.74,568800,0.0,0.0
2020-07-16,628.75,634.26,621.99,632.21,410300,0.0,0.0
2020-07-17,635.0,650.0,632.21,644.06,713700,0.0,0.0
2020-07-20,646.64,664.64,646.5,658.21,671100,0.0,0.0
2020-07-21,658.0,658.0,635.64,638.86,753400,0.0,0.0
2020-07-22,642.59,644.06,634.36,637.53,497200,0.0,0.0
2020-07-23,637.92,644.32,628.34,630.31,571300,0.0,0.0
2020-07-24,623.7,623.7,596.02,608.94,1206000,0.0,0.0
2020-07-27,620.0,638.42,613.29,637.4,850800,0.0,0.0
2020-07-28,636.2,638.36,629.07,631.0,452000,0.0,0.0
2020-07-29,634.05,634.47,625.88,632.16,369900,0.0,0.0
2020-07-30,625.72,641.38,625.72,631.47,615700,0.0,0.0
2020-07-31,634.68,634.79,620.06,632.07,663000,0.0,0.0
2020-08-03,634.84,647.4,632.73,645.18,487200,0.0,0.0
2020-08-04,654.46,654.46,636.1,648.43,747700,0.0,0.0
2020-08-05,654.95,660.0,623.9,624.52,1132700,0.0,0.0
2020-08-06,628.88,630.0,613.6,621.21,663500,0.0,0.0
2020-08-07,621.0,627.46,614.55,620.21,432600,0.0,0.0
2020-08-10,623.0,624.36,596.58,608.24,624300,0.0,0.0
2020-08-11,601.11,608.24,592.45,598.86,587200,0.0,0.0
2020-08-12,599.9,617.0,599.9,612.35,562600,0.0,0.0
2020-08-13,611.49,616.24,607.27,610.89,378100,0.0,0.0
2020-08-14,610.09,617.31,610.09,612.57,302900,0.0,0.0
2020-08-17,614.74,627.99,614.21,620.73,403900,0.0,0.0
2020-08-18,623.01,623.01,613.27,618.59,387900,0.0,0.0
2020-08-19,628.98,640.65,625.0,629.63,720700,0.0,0.0
2020-08-20,610.01,619.75,608.44,616.89,656600,0.0,0.0
2020-08-21,617.18,618.07,603.22,605.49,662200,0.0,0.0
2020-08-24,612.38,613.1,590.71,594.77,991900,0.0,0.0
2020-08-25,596.51,615.0,594.74,610.5,734300,0.0,0.0
2020-08-26,605.5,613.14,604.49,612.0,487900,0.0,0.0
2020-08-27,614.67,619.52,610.23,614.97,534900,0.0,0.0
2020-08-28,611.0,614.51,598.9,602.61,584200,0.0,0.0
2020-08-31,602.33,621.61,601.35,619.93,908100,0.0,0.0
2020-09-01,615.63,620.0,589.3,592.68,1028000,0.0,0.0
2020-09-02,591.3,610.99,591.3,610.15,878000,0.0,0.0
2020-09-03,610.4,610.42,575.1,577.4,841500,0.0,0.0
2020-09-04,575.0,584.0,564.5,580.36,715400,0.0,0.0
2020-09-08,577.78,578.99,560.78,561.89,688300,0.0,0.0
2020-09-09,565.0,575.08,564.96,571.15,620400,0.0,0.0
2020-09-10,566.64,572.8,548.24,550.1,879300,0.0,0.0
2020-09-11,551.79,561.33,540.0,544.75,814100,0.0,0.0
2020-09-14,554.41,566.51,550.65,564.2,762200,0.0,0.0
2020-09-15,569.17,582.86,567.59,579.9,612400,0.0,0.0
2020-09-16,584.12,586.44,568.0,569.15,804400,0.0,0.0
2020-09-17,557.19,569.37,557.19,565.0,686500,0.0,0.0
2020-09-18,567.48,567.83,544.96,555.24,1977100,0.0,0.0
2020-09-21,551.14,556.46,542.16,555.7,682500,0.0,0.0
2020-09-22,552.36,573.45,552.36,571.51,580500,0.0,0.0
2020-09-23,572.37,578.16,562.49,565.19,535600,0.0,0.0
2020-09-24,561.0,564.99,554.7,557.46,457900,0.0,0.0
2020-09-25,555.4,575.92,551.0,574.06,643600,0.0,0.0
2020-09-28,572.83,574.62,559.06,571.92,637000,0.0,0.0
2020-09-29,573.2,576.0,567.92,573.61,454100,0.0,0.0
2020-09-30,589.77,589.77,554.0,559.78,2159300,0.0,0.0
2020-10-01,562.5,568.38,552.27,568.14,1092600,0.0,0.0
2020-10-02,562.0,576.0,554.04,564.8,1235100,0.0,0.0
2020-10-05,598.9,619.97,591.15,605.08,4843300,0.0,0.0
2020-10-06,605.32,610.38,579.02,581.64,1725300,0.0,0.0
2020-10-07,588.49,593.88,581.65,591.69,957200,0.0,0.0
2020-10-08,614.65,615.0,598.1,599.88,2355600,0.0,0.0
2020-10-09,601.0,604.44,593.51,602.07,1190100,0.0,0.0
2020-10-12,602.25,605.39,590.85,601.55,1003200,0.0,0.0
2020-10-13,601.6,616.31,600.18,607.98,1243900,0.0,0.0
2020-10-14,609.18,610.92,596.75,600.82,951400,0.0,0.0
2020-10-15,598.02,605.12,580.74,585.18,1048300,0.0,0.0
2020-10-16,590.0,605.43,585.67,599.74,1168800,0.0,0.0
2020-10-19,600.0,601.09,579.0,583.14,778400,0.0,0.0
2020-10-20,582.0,586.49,573.14,576.63,637500,0.0,0.0
2020-10-21,577.53,581.68,567.02,572.4,493800,0.0,0.0
2020-10-22,566.04,577.05,566.04,575.73,467200,0.0,0.0
2020-10-23,580.29,582.72,575.12,579.81,565900,0.0,0.0
2020-10-26,574.66,587.62,574.66,585.74,533500,0.0,0.0
2020-10-27,584.98,590.97,579.04,582.52,526200,0.0,0.0
2020-10-28,576.69,578.98,563.87,567.04,592900,0.0,0.0
2020-10-29,576.0,576.0,555.54,555.79,905000,0.0,0.0
2020-10-30,545.12,556.58,533.23,543.56,1164700,0.0,0.0
2020-11-02,545.06,557.41,539.17,548.58,835900,0.0,0.0
2020-11-03,551.89,561.24,550.0,557.19,490400,0.0,0.0
2020-11-04,578.09,593.96,575.95,587.14,1195600,0.0,0.0
2020-11-05,595.0,596.8,578.95,588.81,944300,0.0,0.0
2020-11-06,589.04,589.04,572.72,578.03,748400,0.0,0.0
2020-11-09,551.61,573.16,540.31,567.55,1321100,0.0,0.0
2020-11-10,560.0,565.99,546.93,559.22,839200,0.0,0.0
2020-11-11,564.85,573.66,560.0,567.73,671000,0.0,0.0
2020-11-12,568.92,571.0,554.84,556.78,548500,0.0,0.0
2020-11-13,560.22,567.7,556.8,566.43,565800,0.0,0.0
2020-11-16,557.45,566.79,556.0,559.29,542100,0.0,0.0
2020-11-17,556.38,556.6,536.05,538.15,1051700,0.0,0.0
2020-11-18,543.0,543.0,518.19,519.04,1240800,0.0,0.0
2020-11-19,519.19,525.69,514.42,514.71,947600,0.0,0.0
2020-11-20,513.96,521.27,509.34,518.74,1045300,0.0,0.0
2020-11-23,538.86,538.86,516.8,523.61,1764400,0.0,0.0
2020-11-24,521.61,528.44,505.8,506.1,1270300,0.0,0.0
2020-11-25,507.18,515.47,507.18,508.31,711800,0.0,0.0
2020-11-27,513.42,518.92,509.2,514.05,498200,0.0,0.0
2020-11-30,520.0,520.78,507.6,516.03,1707500,0.0,0.0
2020-12-01,516.0,525.28,513.69,514.07,937400,0.0,0.0
2020-12-02,515.94,515.94,503.81,505.13,782700,0.0,0.0
2020-12-03,505.2,509.54,497.12,498.84,966000,0.0,0.0
2020-12-04,497.01,501.85,490.06,492.45,961200,0.0,0.0
2020-12-07,497.49,499.7,492.79,495.41,881900,0.0,0.0
2020-12-08,497.1,497.88,486.3,497.14,1007900,0.0,0.0
2020-12-09,500.0,500.0,484.0,488.64,934300,0.0,0.0
2020-12-10,485.29,487.12,477.87,478.98,1184100,0.0,0.0
2020-12-11,478.22,483.54,471.58,479.77,1013500,0.0,0.0
2020-12-14,484.12,502.6,483.55,500.38,1245800,0.0,0.0
2020-12-15,500.69,500.99,486.82,491.79,1086300,0.0,0.0
2020-12-16,491.8,494.46,485.15,486.57,862500,0.0,0.0
2020-12-17,486.9,496.75,486.5,496.21,856300,0.0,0.0
2020-12-18,500.0,506.99,496.81,498.89,1820900,0.0,0.0
2020-12-21,494.0,497.29,485.06,496.74,1009300,0.0,0.0
2020-12-22,496.0,496.48,488.5,490.06,849600,0.0,0.0
2020-12-23,491.2,493.63,488.52,492.19,545700,0.0,0.0
2020-12-24,492.44,495.23,486.03,488.93,289100,0.0,0.0
2020-12-28,488.72,492.69,482.21,482.96,713400,0.0,0.0
2020-12-29,485.0,490.45,482.42,484.22,558200,0.0,0.0
2020-12-30,487.39,488.83,477.68,478.3,633200,0.0,0.0
2020-12-31,477.81,483.57,470.78,483.11,897900,0.0,0.0
2021-01-04,486.85,491.78,473.58,482.86,911100,0.0,0.0
2021-01-05,480.39,486.25,475.41,483.45,797700,0.0,0.0
2021-01-06,477.15,483.0,467.0,470.09,1434700,0.0,0.0
2021-01-07,471.24,481.84,467.18,481.2,1126600,0.0,0.0
2021-01-08,487.93,500.7,487.93,498.73,1018800,0.0,0.0
2021-01-11,501.0,505.14,489.35,502.92,1115300,0.0,0.0
2021-01-12,504.41,518.5,502.0,505.75,1264100,0.0,0.0
2021-01-13,517.0,522.0,509.14,511.9,1333800,0.0,0.0
2021-01-14,513.1,524.88,511.33,517.91,848600,0.0,0.0
2021-01-15,518.1,522.99,511.11,517.93,796900,0.0,0.0
2021-01-19,523.03,536.62,522.06,533.89,995400,0.0,0.0
2021-01-20,536.78,543.99,529.31,542.27,862700,0.0,0.0
2021-01-21,540.58,543.28,527.91,535.48,940100,0.0,0.0
2021-01-22,534.1,546.72,534.1,537.78,620600,0.0,0.0
2021-01-25,554.32,555.0,538.77,548.2,828400,0.0,0.0
2021-01-26,558.91,558.91,542.14,544.1,901700,0.0,0.0
2021-01-27,540.58,541.97,512.94,515.56,1433500,0.0,0.0
2021-01-28,521.27,529.51,505.11,506.27,1050700,0.0,0.0
2021-01-29,505.97,514.42,496.1,503.84,1389800,0.0,0.0
2021-02-01,512.82,512.82,503.1,508.08,790600,0.0,0.0
2021-02-02,511.01,513.28,498.02,499.98,884500,0.0,0.0
2021-02-03,505.09,507.28,490.84,491.18,1076700,0.0,0.0
2021-02-04,494.07,498.96,490.02,498.84,1394600,0.0,0.0
2021-02-05,513.84,514.97,495.22,498.98,1662800,0.0,0.0
2021-02-08,503.14,506.63,492.46,494.9,1320400,0.0,0.0
2021-02-09,496.53,497.99,487.55,490.68,1056000,0.0,0.0
2021-02-10,493.43,497.86,488.12,491.22,959200,0.0,0.0
2021-02-11,491.23,496.6,486.04,490.54,1057400,0.0,0.0
2021-02-12,494.25,494.48,482.85,485.62,1295600,0.0,0.0
2021-02-16,488.01,492.0,478.44,480.71,1363500,0.0,0.0
2021-02-17,477.0,484.38,476.56,481.68,1010700,0.0,0.0
2021-02-18,479.9,481.76,475.84,477.03,1124300,0.0,0.0
2021-02-19,478.25,483.68,470.27,470.37,1129900,0.0,0.0
2021-02-22,468.27,468.27,459.9,460.58,1345600,0.0,0.0
2021-02-23,458.06,468.96,448.0,468.03,1705600,0.0,0.0
2021-02-24,466.11,469.47,457.17,458.6,1103400,0.0,0.0
2021-02-25,460.31,465.0,448.33,453.19,1126100,0.0,0.0
2021-02-26,455.84,457.17,445.57,450.57,1193500,0.0,0.0
2021-03-01,454.49,463.85,453.83,463.05,856500,0.0,0.0
2021-03-02,463.13,466.0,454.35,454.86,759200,0.0,0.0
2021-03-03,456.14,458.65,446.38,446.73,898000,0.0,0.0
2021-03-04,445.37,451.85,441.0,449.38,1093800,0.0,0.0
2021-03-05,451.58,463.83,449.3,461.57,1223200,0.0,0.0
2021-03-08,456.49,473.5,456.49,463.19,1014300,0.0,0.0
2021-03-09,469.8,478.13,469.32,470.63,868400,0.0,0.0
2021-03-10,473.89,474.98,465.21,467.95,724700,0.0,0.0
2021-03-11,469.0,474.89,466.73,469.96,744900,0.0,0.0
2021-03-12,467.0,471.82,463.65,471.46,552700,0.0,0.0
2021-03-15,473.01,484.7,472.26,483.94,728500,0.0,0.0
2021-03-16,485.0,490.22,479.61,482.17,698400,0.0,0.0
2021-03-17,495.0,497.71,483.15,496.01,1101000,0.0,0.0
2021-03-18,485.08,491.88,474.31,474.68,921100,0.0,0.0
2021-03-19,478.31,482.59,472.48,473.7,1078200,0.0,0.0
2021-03-22,471.89,484.61,471.23,483.22,911700,0.0,0.0
2021-03-23,486.16,488.72,466.71,469.76,1086400,0.0,0.0
2021-03-24,471.51,472.08,458.25,460.32,1053800,0.0,0.0
2021-03-25,458.31,465.84,451.6,463.48,1413500,0.0,0.0
2021-03-26,461.13,477.32,458.44,476.91,1645500,0.0,0.0
2021-03-29,472.34,488.9,471.91,481.52,771200,0.0,0.0
2021-03-30,479.84,480.84,469.36,470.67,610400,0.0,0.0
2021-03-31,472.64,475.7,470.67,473.14,767700,0.0,0.0
2021-04-01,472.0,478.15,469.37,474.93,763100,0.0,0.0
2021-04-05,477.09,485.28,474.22,484.56,949000,0.0,0.0
2021-04-06,485.5,485.82,476.72,478.68,900900,0.0,0.0
2021-04-07,479.0,486.95,477.62,481.79,722200,0.0,0.0
2021-04-08,485.77,488.99,474.84,476.36,1245200,0.0,0.0
2021-04-09,476.22,480.26,471.5,475.17,679500,0.0,0.0
2021-04-12,481.78,481.78,469.8,472.8,835500,0.0,0.0
2021-04-13,476.53,483.4,474.6,477.04,754900,0.0,0.0
2021-04-14,478.0,486.73,477.92,481.16,595600,0.0,0.0
2021-04-15,487.44,499.28,485.81,494.64,950500,0.0,0.0
2021-04-16,496.65,506.87,495.86,502.6,1169400,0.0,0.0
2021-04-19,503.01,505.97,498.47,499.69,707800,0.0,0.0
2021-04-20,499.55,506.73,497.4,504.42,858800,0.0,0.0
2021-04-21,507.49,510.32,503.22,506.48,621300,0.0,0.0
2021-04-22,505.4,505.4,489.28,490.43,1000500,0.0,0.0
2021-04-23,488.63,491.49,484.03,488.64,819800,0.0,0.0
2021-04-26,489.84,502.0,485.0,501.17,830300,0.0,0.0
2021-04-27,502.6,502.6,491.26,491.81,474500,0.0,0.0
2021-04-28,494.91,495.44,487.5,487.77,654000,0.0,0.0
2021-04-29,489.69,490.0,482.28,485.0,574300,0.0,0.0
2021-04-30,482.77,491.58,480.51,481.3,796700,0.0,0.0
2021-05-03,483.5,491.67,482.83,488.62,645900,0.0,0.0
2021-05-04,485.94,488.28,480.85,485.18,764500,0.0,0.0
2021-05-05,486.41,488.75,481.09,482.42,842400,0.0,0.0
2021-05-06,483.11,502.98,478.4,498.68,1545300,0.0,0.0
2021-05-07,497.59,503.0,492.81,496.75,703200,0.0,0.0
2021-05-10,497.52,513.48,495.0,502.34,1044800,0.0,0.0
2021-05-11,496.82,508.98,494.02,501.19,790700,0.0,0.0
2021-05-12,497.0,513.67,497.0,507.14,967700,0.0,0.0
2021-05-13,508.86,519.07,505.57,517.17,991400,0.0,0.0
2021-05-14,520.0,521.13,512.25,516.62,785600,0.0,0.0
2021-05-17,516.45,525.96,515.44,523.73,712200,0.0,0.0
2021-05-18,523.0,523.0,513.68,516.22,683300,0.0,0.0
2021-05-19,517.9,517.9,502.5,510.27,587400,0.0,0.0
2021-05-20,509.0,518.87,507.63,513.21,574900,0.0,0.0
2021-05-21,514.13,516.5,506.43,506.72,610400,0.0,0.0
2021-05-24,509.74,509.74,500.08,500.47,521900,0.0,0.0
2021-05-25,500.84,502.72,493.19,498.03,767500,0.0,0.0
2021-05-26,498.75,500.31,493.0,497.16,640700,0.0,0.0
2021-05-27,496.0,500.04,492.13,495.34,1058800,0.0,0.0
2021-05-28,497.61,505.21,497.22,502.43,542100,0.0,0.0
2021-06-01,505.76,508.79,497.93,503.23,617100,0.0,0.0
2021-06-02,503.17,510.31,501.2,505.36,679400,0.0,0.0
2021-06-03,501.07,506.89,499.78,505.66,445000,0.0,0.0
2021-06-04,507.59,518.37,505.8,511.89,785200,0.0,0.0
2021-06-07,511.65,525.39,509.5,514.99,868700,0.0,0.0
2021-06-08,517.2,518.62,501.69,506.42,963600,0.0,0.0
2021-06-09,507.84,522.79,505.62,521.85,783300,0.0,0.0
2021-06-10,521.26,533.26,516.04,532.04,934900,0.0,0.0
2021-06-11,529.28,530.26,519.98,525.55,622900,0.0,0.0
2021-06-14,525.0,529.29,521.96,528.75,497800,0.0,0.0
2021-06-15,528.0,530.72,523.66,527.49,547500,0.0,0.0
2021-06-16,531.17,542.42,522.24,523.58,914400,0.0,0.0
2021-06-17,524.0,538.5,516.75,536.01,846200,0.0,0.0
2021-06-18,534.66,540.03,532.13,537.92,914800,0.0,0.0
2021-06-21,539.99,543.74,532.73,534.27,678800,0.0,0.0
2021-06-22,533.04,535.11,526.91,534.02,655600,0.0,0.0
2021-06-23,532.85,534.7,523.29,529.8,636300,0.0,0.0
2021-06-24,533.09,545.37,531.33,544.45,790000,0.0,0.0
2021-06-25,543.59,552.5,540.75,550.55,1912800,0.0,0.0
2021-06-28,565.54,569.99,542.55,542.7,1509400,0.0,0.0
2021-06-29,542.28,548.02,536.08,545.98,721500,0.0,0.0
2021-06-30,545.2,561.77,544.52,558.54,861800,0.0,0.0
2021-07-01,556.6,576.92,554.95,574.62,1277400,0.0,0.0
2021-07-02,576.0,592.84,571.55,583.64,1073700,0.0,0.0
2021-07-06,579.41,584.29,572.93,582.25,643900,0.0,0.0
2021-07-07,584.27,590.95,580.76,585.9,708700,0.0,0.0
2021-07-08,578.44,580.0,568.15,574.92,766600,0.0,0.0
2021-07-09,573.0,580.85,571.01,580.4,550100,0.0,0.0
2021-07-12,579.92,586.34,571.04,574.03,655300,0.0,0.0
2021-07-13,574.58,582.19,570.62,577.01,448800,0.0,0.0
2021-07-14,578.55,582.86,575.5,581.06,380300,0.0,0.0
2021-07-15,579.9,593.29,575.04,589.32,776200,0.0,0.0
2021-07-16,587.82,590.0,580.0,583.24,515600,0.0,0.0
2021-07-19,581.26,588.0,578.0,585.23,552100,0.0,0.0
2021-07-20,588.3,593.69,580.66,587.24,644800,0.0,0.0
2021-07-21,586.76,586.76,573.76,583.72,480800,0.0,0.0
2021-07-22,581.63,590.68,580.02,586.88,406900,0.0,0.0
2021-07-23,588.83,595.48,583.76,586.35,628200,0.0,0.0
2021-07-26,586.0,586.0,577.37,577.78,488400,0.0,0.0
2021-07-27,568.51,581.3,565.0,581.01,474700,0.0,0.0
2021-07-28,582.04,587.92,579.0,586.41,404000,0.0,0.0
2021-07-29,588.62,591.66,582.1,583.13,361400,0.0,0.0
2021-07-30,581.42,583.28,572.91,574.61,775600,0.0,0.0
2021-08-02,577.12,580.87,570.38,577.13,362200,0.0,0.0
2021-08-03,576.85,587.56,570.7,586.51,512800,0.0,0.0
2021-08-04,584.92,598.66,579.32,580.95,1042300,0.0,0.0
2021-08-05,588.62,603.14,570.85,602.47,1628400,0.0,0.0
2021-08-06,603.09,615.0,600.02,610.86,1135100,0.0,0.0
2021-08-09,610.85,624.77,610.59,613.94,962300,0.0,0.0
2021-08-10,615.73,619.78,604.55,614.98,651200,0.0,0.0
2021-08-11,616.07,621.37,603.41,608.45,630400,0.0,0.0
2021-08-12,607.0,611.52,598.03,608.0,577600,0.0,0.0
2021-08-13,614.0,625.0,612.62,624.79,821200,0.0,0.0
2021-08-16,625.66,630.0,615.06,628.6,869900,0.0,0.0
2021-08-17,626.14,650.0,624.01,647.44,1183900,0.0,0.0
2021-08-18,650.0,658.97,633.0,635.57,1642600,0.0,0.0
2021-08-19,628.93,662.87,628.93,655.63,1284600,0.0,0.0
2021-08-20,659.0,674.07,655.63,663.27,1303900,0.0,0.0
2021-08-23,665.21,671.49,642.68,667.29,992900,0.0,0.0
2021-08-24,665.92,670.0,656.73,669.95,731500,0.0,0.0
2021-08-25,672.85,674.0,660.79,669.18,643500,0.0,0.0
2021-08-26,670.06,674.45,663.29,665.77,473300,0.0,0.0
2021-08-27,668.95,673.1,660.75,663.29,424600,0.0,0.0
2021-08-30,664.0,678.69,660.44,677.08,865300,0.0,0.0
2021-08-31,677.51,681.73,668.33,673.4,829500,0.0,0.0
2021-09-01,674.72,686.28,671.63,680.96,822100,0.0,0.0
2021-09-02,683.5,684.9,674.57,675.75,689300,0.0,0.0
2021-09-03,675.62,686.62,672.0,679.57,564600,0.0,0.0
2021-09-07,679.42,679.58,658.02,668.81,717500,0.0,0.0
2021-09-08,667.8,676.94,666.57,669.19,463100,0.0,0.0
2021-09-09,670.28,672.88,644.65,646.11,1047700,0.0,0.0
2021-09-10,650.0,659.76,646.11,650.49,747100,0.0,0.0
2021-09-13,651.1,653.33,636.0,639.52,798000,0.0,0.0
2021-09-14,639.91,650.42,639.91,645.15,602100,0.0,0.0
2021-09-15,658.65,664.99,649.01,652.0,883100,0.0,0.0
2021-09-16,649.71,656.67,643.38,653.18,539900,0.0,0.0
2021-09-17,649.17,653.0,643.29,651.88,761900,0.0,0.0
2021-09-20,643.84,652.0,636.17,640.89,666400,0.0,0.0
2021-09-21,645.11,656.86,642.81,646.95,440600,0.0,0.0
2021-09-22,646.95,651.01,640.02,647.06,561800,0.0,0.0
2021-09-23,647.0,655.0,644.3,646.51,537400,0.0,0.0
2021-09-24,644.31,644.31,632.45,638.9,654500,0.0,0.0
2021-09-27,636.71,636.71,616.26,619.07,783700,0.0,0.0
2021-09-28,607.22,617.71,603.79,605.0,1240400,0.0,0.0
2021-09-29,607.14,612.74,604.98,606.7,615100,0.0,0.0
2021-09-30,607.76,613.58,604.62,605.18,549000,0.0,0.0
2021-10-01,576.75,578.0,556.05,570.79,1457800,0.0,0.0
2021-10-04,565.37,568.13,553.1,555.42,992900,0.0,0.0
2021-10-05,555.91,564.73,549.27,550.9,930100,0.0,0.0
2021-10-06,548.0,553.93,543.41,546.57,890100,0.0,0.0
2021-10-07,548.14,559.75,547.32,552.02,774300,0.0,0.0
2021-10-08,551.88,555.52,543.25,550.02,532300,0.0,0.0
2021-10-11,549.65,557.87,545.6,546.26,538600,0.0,0.0
2021-10-12,546.09,549.35,541.58,544.44,521600,0.0,0.0
2021-10-13,548.33,556.18,546.97,547.12,664200,0.0,0.0
2021-10-14,553.0,565.11,552.07,555.62,1055800,0.0,0.0
2021-10-15,558.93,558.93,552.16,553.24,838800,0.0,0.0
2021-10-18,550.22,552.49,539.18,543.48,1216200,0.0,0.0
2021-10-19,548.02,555.67,545.0,552.11,985700,0.0,0.0
2021-10-20,554.24,562.72,553.0,562.71,878000,0.0,0.0
2021-10-21,564.48,570.91,562.52,569.37,624200,0.0,0.0
2021-10-22,570.03,573.01,565.39,572.36,493000,0.0,0.0
2021-10-25,573.66,578.73,569.53,576.2,627300,0.0,0.0
2021-10-26,579.14,594.22,575.61,592.15,845300,0.0,0.0
2021-10-27,593.28,594.09,587.7,589.6,658100,0.0,0.0
2021-10-28,590.18,625.72,589.13,625.19,1111400,0.0,0.0
2021-10-29,619.13,641.26,618.11,639.94,860400,0.0,0.0
2021-11-01,640.0,648.07,635.75,639.15,913700,0.0,0.0
2021-11-02,638.58,649.98,633.56,638.77,838400,0.0,0.0
2021-11-03,637.21,652.38,632.1,652.1,718800,0.0,0.0
2021-11-04,657.21,659.79,630.9,647.63,1507000,0.0,0.0
2021-11-05,600.0,622.86,594.55,611.54,1768400,0.0,0.0
2021-11-08,618.6,623.42,608.76,622.78,639900,0.0,0.0
2021-11-09,623.08,627.57,614.0,616.31,601000,0.0,0.0
2021-11-10,616.82,635.73,616.82,622.2,727900,0.0,0.0
2021-11-11,622.0,628.46,617.65,626.64,478400,0.0,0.0
2021-11-12,632.44,634.46,623.31,631.2,513600,0.0,0.0
2021-11-15,635.01,649.72,633.28,647.73,777500,0.0,0.0
2021-11-16,647.34,661.84,642.1,642.75,632700,0.0,0.0
2021-11-17,645.08,645.53,635.75,641.83,440000,0.0,0.0
2021-11-18,642.21,653.27,638.6,648.51,564400,0.0,0.0
2021-11-19,652.43,657.56,646.37,652.68,605700,0.0,0.0
2021-11-22,648.58,660.28,640.88,643.64,632600,0.0,0.0
2021-11-23,641.9,650.96,639.48,649.32,624300,0.0,0.0
2021-11-24,651.38,656.0,645.55,648.18,545100,0.0,0.0
2021-11-26,660.0,660.95,639.78,643.35,575600,0.0,0.0
2021-11-29,645.32,660.5,642.41,654.4,700400,0.0,0.0
2021-11-30,646.41,656.6,635.12,636.53,1277200,0.0,0.0
2021-12-01,639.13,644.41,630.13,630.59,731800,0.0,0.0
2021-12-02,633.03,640.03,622.49,634.0,563800,0.0,0.0
2021-12-03,637.77,641.79,623.12,635.16,650400,0.0,0.0
2021-12-06,642.36,644.7,624.6,625.0,567500,0.0,0.0
2021-12-07,628.53,643.37,623.0,635.09,652500,0.0,0.0
2021-12-08,638.14,655.75,633.33,654.04,694800,0.0,0.0
2021-12-09,650.0,667.56,646.67,665.72,898200,0.0,0.0
2021-12-10,661.94,672.45,656.25,669.52,791100,0.0,0.0
2021-12-13,653.12,665.0,637.44,660.15,1074800,0.0,0.0
2021-12-14,652.23,673.86,651.89,670.97,730800,0.0,0.0
2021-12-15,646.99,662.63,645.0,657.93,842100,0.0,0.0
2021-12-16,644.74,656.34,630.1,631.74,1241800,0.0,0.0
2021-12-17,631.04,631.16,615.2,619.28,1627100,0.0,0.0
2021-12-20,620.7,625.35,602.07,603.14,912100,0.0,0.0
2021-12-21,608.58,608.58,598.24,606.81,1108900,0.0,0.0
2021-12-22,608.47,619.24,600.85,617.48,737400,0.0,0.0
2021-12-23,619.5,627.22,618.15,625.38,398700,0.0,0.0
2021-12-27,625.66,636.36,623.29,634.77,443700,0.0,0.0
2021-12-28,637.04,639.5,635.0,638.46,327800,0.0,0.0
2021-12-29,639.47,649.0,638.75,647.28,413000,0.0,0.0
2021-12-30,647.15,651.28,642.28,642.51,306300,0.0,0.0
2021-12-31,644.34,645.5,630.66,631.52,353400,0.0,0.0
2022-01-03,625.0,629.33,621.87,627.1,515600,0.0,0.0
2022-01-04,622.95,625.07,612.11,616.82,725400,0.0,0.0
2022-01-05,604.95,613.65,594.99,595.12,1100800,0.0,0.0
2022-01-06,600.0,606.02,594.97,598.44,676200,0.0,0.0
2022-01-07,598.44,607.01,592.86,603.73,584400,0.0,0.0
2022-01-10,603.75,621.61,602.13,621.27,822700,0.0,0.0
2022-01-11,623.19,628.08,617.76,626.09,613800,0.0,0.0
2022-01-12,624.45,632.39,620.83,631.44,584700,0.0,0.0
2022-01-13,632.75,632.75,614.15,616.11,649300,0.0,0.0
2022-01-14,616.02,623.2,604.8,615.24,792000,0.0,0.0
2022-01-18,604.52,612.39,598.13,611.22,974800,0.0,0.0
2022-01-19,617.01,628.05,612.4,618.11,656300,0.0,0.0
2022-01-20,621.15,622.29,612.43,614.38,765900,0.0,0.0
2022-01-21,615.8,623.98,610.88,621.4,1329000,0.0,0.0
2022-01-24,613.13,623.54,601.25,621.48,1126200,0.0,0.0
2022-01-25,616.29,618.0,602.4,603.19,975500,0.0,0.0
2022-01-26,604.47,618.01,600.27,605.25,857900,0.0,0.0
2022-01-27,609.84,618.75,603.25,608.72,658800,0.0,0.0
2022-01-28,608.29,625.0,601.89,624.92,736700,0.0,0.0
2022-01-31,623.15,623.17,602.51,608.59,922300,0.0,0.0
2022-02-01,607.83,613.93,600.22,613.36,738500,0.0,0.0
2022-02-02,613.36,623.4,596.9,622.85,1033300,0.0,0.0
2022-02-03,617.91,625.0,613.96,620.69,962400,0.0,0.0
2022-02-04,610.01,635.0,610.01,622.96,1205800,0.0,0.0
2022-02-07,620.73,625.11,613.32,622.36,905300,0.0,0.0
2022-02-08,620.01,621.9,612.04,617.94,846200,0.0,0.0
2022-02-09,620.0,620.96,616.26,619.77,818500,0.0,0.0
2022-02-10,613.34,624.55,608.39,618.22,769500,0.0,0.0
2022-02-11,620.57,645.0,617.5,638.41,1111100,0.0,0.0
2022-02-14,638.0,639.2,614.39,623.53,826900,0.0,0.0
2022-02-15,622.0,635.44,620.72,630.15,675600,0.0,0.0
2022-02-16,630.63,632.17,624.25,630.9,374000,0.0,0.0
2022-02-17,628.37,632.21,619.51,626.72,627800,0.0,0.0
2022-02-18,621.82,632.76,614.09,615.13,718900,0.0,0.0
2022-02-22,613.31,618.96,602.17,602.89,649200,0.0,0.0
2022-02-23,625.0,625.0,604.18,608.98,863000,0.0,0.0
2022-02-24,603.4,610.56,598.07,609.78,533500,0.0,0.0
2022-02-25,610.75,622.14,608.33,618.66,427400,0.0,0.0
2022-02-28,611.54,620.33,607.74,618.36,518900,0.0,0.0
2022-03-01,615.39,623.63,603.12,607.03,617300,0.0,0.0
2022-03-02,604.88,619.86,604.22,616.87,339600,0.0,0.0
2022-03-03,618.58,620.0,608.67,611.15,593100,0.0,0.0
2022-03-04,604.23,624.62,604.23,620.41,550500,0.0,0.0
2022-03-07,618.43,636.36,609.01,618.59,755300,0.0,0.0
2022-03-08,611.17,627.34,609.03,614.74,592200,0.0,0.0
2022-03-09,622.2,626.68,614.21,623.43,538900,0.0,0.0
2022-03-10,616.13,632.68,615.92,630.36,480600,0.0,0.0
2022-03-11,633.8,652.27,630.67,642.58,803200,0.0,0.0
2022-03-14,644.6,665.98,644.6,656.41,1018900,0.0,0.0
2022-03-15,660.26,668.94,654.5,665.93,763800,0.0,0.0
2022-03-16,670.01,678.68,663.87,677.98,806200,0.0,0.0
2022-03-17,675.79,689.99,675.02,685.23,808200,0.0,0.0
2022-03-18,686.43,688.84,677.03,685.94,1170500,0.0,0.0
2022-03-21,687.74,697.01,685.62,693.2,731100,0.0,0.0
2022-03-22,695.05,695.05,683.68,692.64,576900,0.0,0.0
2022-03-23,693.04,693.04,667.88,669.22,608500,0.0,0.0
2022-03-24,667.31,680.08,666.35,679.76,402500,0.0,0.0
2022-03-25,679.9,685.01,676.14,680.03,366800,0.0,0.0
2022-03-28,676.29,694.23,676.29,693.4,625600,0.0,0.0
2022-03-29,692.56,699.0,680.12,698.43,725000,0.0,0.0
2022-03-30,700.05,703.03,690.75,692.38,848500,0.0,0.0
2022-03-31,695.77,710.21,691.77,698.42,1061500,0.0,0.0
2022-04-01,701.82,701.95,685.28,694.83,603500,0.0,0.0
2022-04-04,700.0,704.17,692.5,698.41,498600,0.0,0.0
2022-04-05,697.02,710.41,689.12,691.47,671800,0.0,0.0
2022-04-06,692.0,710.3,690.01,708.36,683500,0.0,0.0
2022-04-07,706.24,725.97,706.21,721.8,828000,0.0,0.0
2022-04-08,725.0,747.42,725.0,738.84,1030100,0.0,0.0
2022-04-11,736.64,741.85,722.02,722.37,709000,0.0,0.0
2022-04-12,720.66,726.33,711.69,715.79,488800,0.0,0.0
2022-04-13,716.36,732.98,716.36,731.89,526200,0.0,0.0
2022-04-14,732.25,738.99,730.94,733.02,795700,0.0,0.0
2022-04-18,726.81,732.0,719.27,723.2,313300,0.0,0.0
2022-04-19,724.2,725.81,710.6,716.22,468000,0.0,0.0
2022-04-20,720.07,721.72,713.01,719.62,413700,0.0,0.0
2022-04-21,719.0,725.32,705.1,706.11,535200,0.0,0.0
2022-04-22,701.53,709.06,686.26,688.08,609400,0.0,0.0
2022-04-25,684.7,690.56,673.1,690.33,514300,0.0,0.0
2022-04-26,683.01,692.51,673.89,674.82,538500,0.0,0.0
2022-04-27,680.11,683.95,672.1,673.51,406600,0.0,0.0
2022-04-28,673.51,677.5,660.82,675.58,555600,0.0,0.0
2022-04-29,673.95,676.64,655.9,659.11,678300,0.0,0.0
2022-05-02,656.97,658.25,641.17,652.02,737400,0.0,0.0
2022-05-03,658.1,665.3,650.23,660.49,538700,0.0,0.0
2022-05-04,661.3,666.25,636.8,660.86,998100,0.0,0.0
2022-05-05,659.99,660.87,630.03,639.37,754700,0.0,0.0
2022-05-06,639.04,639.04,622.06,623.05,773800,0.0,0.0
2022-05-09,612.67,616.49,597.76,599.77,819400,0.0,0.0
2022-05-10,609.27,627.89,608.29,615.09,769500,0.0,0.0
2022-05-11,610.37,624.83,604.71,613.05,704000,0.0,0.0
2022-05-12,606.79,634.19,606.77,633.96,793100,0.0,0.0
2022-05-13,635.38,648.48,629.08,645.52,604500,0.0,0.0
2022-05-16,640.18,656.45,640.18,655.01,486900,0.0,0.0
2022-05-17,661.87,670.96,651.81,667.56,571800,0.0,0.0
2022-05-18,664.1,672.54,655.25,659.2,560100,0.0,0.0
2022-05-19,660.35,660.62,650.82,657.15,607700,0.0,0.0
2022-05-20,661.29,664.9,647.54,661.14,544300,0.0,0.0
2022-05-23,671.61,686.32,668.5,681.91,593200,0.0,0.0
2022-05-24,681.97,686.33,667.75,686.02,465100,0.0,0.0
2022-05-25,689.0,699.63,684.7,690.88,562100,0.0,0.0
2022-05-26,690.12,697.01,682.9,683.44,523500,0.0,0.0
2022-05-27,685.72,693.81,680.0,692.8,558700,0.0,0.0
2022-05-31,692.8,692.8,656.71,664.74,1691600,0.0,0.0
2022-06-01,669.51,672.35,651.85,658.92,610000,0.0,0.0
2022-06-02,655.02,655.02,617.21,630.7,1276100,0.0,0.0
2022-06-03,628.68,635.39,625.51,630.35,666500,0.0,0.0
2022-06-06,625.48,627.92,599.68,609.03,941200,0.0,0.0
2022-06-07,605.45,616.68,603.23,613.98,515900,0.0,0.0
2022-06-08,617.99,622.84,605.33,607.76,566900,0.0,0.0
2022-06-09,605.11,605.9,575.39,575.48,939700,0.0,0.0
2022-06-10,570.96,577.81,566.77,571.81,837800,0.0,0.0
2022-06-13,554.66,568.15,547.55,549.3,1055000,0.0,0.0
2022-06-14,555.12,557.62,538.01,548.35,755000,0.0,0.0
2022-06-15,554.03,570.46,552.36,561.19,766600,0.0,0.0
2022-06-16,549.69,559.31,546.93,556.75,796800,0.0,0.0
2022-06-17,565.61,585.52,561.71,580.95,1967600,0.0,0.0
2022-06-21,583.44,600.05,583.44,587.67,716100,0.0,0.0
2022-06-22,580.72,595.56,580.72,586.84,539600,0.0,0.0
2022-06-23,589.98,609.09,589.98,607.39,681900,0.0,0.0
2022-06-24,612.06,613.15,602.52,612.49,818300,0.0,0.0
2022-06-27,608.76,610.95,601.23,602.4,580900,0.0,0.0
2022-06-28,600.67,604.33,593.63,594.42,534100,0.0,0.0
2022-06-29,597.56,607.41,590.01,597.62,533000,0.0,0.0
2022-06-30,594.93,598.67,583.05,591.13,685400,0.0,0.0
2022-07-01,587.76,597.0,586.17,595.4,387800,0.0,0.0
2022-07-05,593.92,597.0,583.09,596.56,586000,0.0,0.0
2022-07-06,594.79,601.88,588.92,594.9,528900,0.0,0.0
2022-07-07,598.01,609.65,596.0,607.45,528000,0.0,0.0
2022-07-08,605.58,624.48,604.12,621.57,586700,0.0,0.0
2022-07-11,615.55,620.64,613.7,614.46,436100,0.0,0.0
2022-07-12,619.09,620.0,605.03,610.09,415300,0.0,0.0
2022-07-13,597.85,613.82,597.85,602.02,433300,0.0,0.0
2022-07-14,595.99,605.74,583.11,598.86,539500,0.0,0.0
2022-07-15,601.29,607.73,596.24,607.54,516300,0.0,0.0
2022-07-18,605.0,608.41,582.73,586.7,562000,0.0,0.0
2022-07-19,594.58,597.57,588.0,595.73,551900,0.0,0.0
2022-07-20,598.01,599.25,589.79,594.59,417400,0.0,0.0
2022-07-21,590.89,599.97,585.36,592.44,638600,0.0,0.0
2022-07-22,593.6,602.7,580.79,586.11,430000,0.0,0.0
2022-07-25,580.0,588.2,575.4,587.28,452600,0.0,0.0
2022-07-26,587.57,594.68,580.0,582.56,456100,0.0,0.0
2022-07-27,579.59,591.44,568.01,587.91,597400,0.0,0.0
2022-07-28,588.89,592.03,563.82,582.37,581700,0.0,0.0
2022-07-29,584.95,585.15,574.46,581.69,682900,0.0,0.0
2022-08-01,581.53,586.9,573.53,576.68,513000,0.0,0.0
2022-08-02,578.5,585.96,569.65,574.96,634700,0.0,0.0
2022-08-03,600.0,623.48,595.16,608.77,1151800,0.0,0.0
2022-08-04,602.65,623.35,602.65,614.96,699300,0.0,0.0
2022-08-05,613.47,621.63,606.96,613.61,566800,0.0,0.0
2022-08-08,619.78,633.93,618.87,630.63,715600,0.0,0.0
2022-08-09,630.0,634.85,617.1,622.15,469500,0.0,0.0
2022-08-10,630.0,645.95,624.78,641.49,682900,0.0,0.0
2022-08-11,638.63,643.98,622.37,623.9,468800,0.0,0.0
2022-08-12,628.87,632.57,622.3,628.71,351300,0.0,0.0
2022-08-15,628.7,643.71,624.8,643.29,541700,0.0,0.0
2022-08-16,641.52,649.79,638.46,648.7,607600,0.0,0.0
2022-08-17,640.84,652.52,635.74,636.34,414900,0.0,0.0
2022-08-18,636.11,636.11,622.73,624.83,448000,0.0,0.0
2022-08-19,620.94,624.46,616.16,618.36,477700,0.0,0.0
2022-08-22,616.35,620.45,608.31,612.1,534100,0.0,0.0
2022-08-23,610.53,612.17,600.54,602.53,406600,0.0,0.0
2022-08-24,600.18,605.73,597.0,602.79,386500,0.0,0.0
2022-08-25,605.92,607.92,599.51,603.8,311300,0.0,0.0
2022-08-26,603.8,609.85,595.49,596.18,516200,0.0,0.0
2022-08-29,592.36,599.73,587.4,592.77,373100,0.0,0.0
2022-08-30,595.0,596.41,585.65,588.39,393900,0.0,0.0
2022-08-31,591.84,598.24,579.75,581.06,785500,0.0,0.0
2022-09-01,577.62,602.47,577.42,600.63,479500,0.0,0.0
2022-09-02,601.11,602.66,577.83,580.62,464600,0.0,0.0
2022-09-06,584.57,588.39,572.22,573.97,662900,0.0,0.0
2022-09-07,575.46,599.5,575.46,596.44,741300,0.0,0.0
2022-09-08,686.99,718.96,652.64,708.85,3731500,0.0,0.0
2022-09-09,711.73,754.67,707.25,724.32,2144400,0.0,0.0
2022-09-12,720.35,723.44,707.45,710.74,1063000,0.0,0.0
2022-09-13,700.0,714.39,695.11,701.39,1039900,0.0,0.0
2022-09-14,701.98,704.96,686.84,697.62,901200,0.0,0.0
2022-09-15,694.73,717.46,690.04,705.85,826200,0.0,0.0
2022-09-16,710.23,718.17,701.46,710.3,1186800,0.0,0.0
2022-09-19,703.93,718.05,683.93,715.34,826000,0.0,0.0
2022-09-20,711.27,716.01,694.5,704.22,769500,0.0,0.0
2022-09-21,700.91,709.59,684.34,684.63,665100,0.0,0.0
2022-09-22,681.36,698.5,678.02,688.26,771000,0.0,0.0
2022-09-23,685.8,699.37,681.0,697.33,815900,0.0,0.0
2022-09-26,696.22,697.11,683.06,686.1,698000,0.0,0.0
2022-09-27,686.36,700.48,686.36,695.01,663000,0.0,0.0
2022-09-28,700.89,715.33,699.16,705.42,737700,0.0,0.0
2022-09-29,704.83,706.59,686.91,691.82,770600,0.0,0.0
2022-09-30,694.4,702.38,685.97,688.87,800800,0.0,0.0
2022-10-03,705.39,736.48,694.64,735.13,1449000,0.0,0.0
2022-10-04,738.17,743.06,728.66,739.54,874900,0.0,0.0
2022-10-05,738.2,749.0,728.13,745.68,569600,0.0,0.0
2022-10-06,743.88,746.38,728.31,731.86,696700,0.0,0.0
2022-10-07,731.66,732.69,720.14,722.37,670800,0.0,0.0
2022-10-10,720.14,733.89,715.08,730.92,481900,0.0,0.0
2022-10-11,728.51,747.78,723.14,737.41,644500,0.0,0.0
2022-10-12,738.51,747.77,727.2,728.06,507700,0.0,0.0
2022-10-13,712.37,754.0,709.07,752.56,953600,0.0,0.0
2022-10-14,752.56,761.05,726.53,736.06,879300,0.0,0.0
2022-10-17,734.0,739.95,728.42,735.96,627100,0.0,0.0
2022-10-18,740.66,742.0,718.02,722.71,699600,0.0,0.0
2022-10-19,719.28,722.76,703.95,709.37,599400,0.0,0.0
2022-10-20,709.46,713.16,702.44,705.89,480900,0.0,0.0
2022-10-21,705.89,718.18,697.48,713.91,1224100,0.0,0.0
2022-10-24,717.95,744.25,717.95,737.15,623900,0.0,0.0
2022-10-25,736.55,751.0,731.45,747.33,833800,0.0,0.0
2022-10-26,739.37,755.38,728.32,733.98,720800,0.0,0.0
2022-10-27,742.66,742.66,722.62,724.88,498500,0.0,0.0
2022-10-28,733.61,752.61,724.34,750.76,690200,0.0,0.0
2022-10-31,745.2,760.81,741.68,748.75,759500,0.0,0.0
2022-11-01,750.0,764.59,748.79,759.91,573000,0.0,0.0
2022-11-02,755.94,757.53,740.0,740.48,735100,0.0,0.0
2022-11-03,726.07,742.57,702.07,738.68,725100,0.0,0.0
2022-11-04,725.18,741.06,710.62,740.21,748600,0.0,0.0
2022-11-07,735.99,755.99,735.79,750.93,598900,0.0,0.0
2022-11-08,748.4,769.49,745.3,751.95,701800,0.0,0.0
2022-11-09,751.0,769.63,731.12,742.95,1256400,0.0,0.0
2022-11-10,758.73,760.0,734.66,741.08,844800,0.0,0.0
2022-11-11,736.0,737.43,706.75,734.45,951900,0.0,0.0
2022-11-14,737.88,755.0,737.0,742.01,727800,0.0,0.0
2022-11-15,749.92,749.92,717.67,728.73,650500,0.0,0.0
2022-11-16,735.07,742.43,729.63,735.67,523500,0.0,0.0
2022-11-17,733.74,742.22,726.04,739.08,538200,0.0,0.0
2022-11-18,737.32,745.4,728.14,736.73,496600,0.0,0.0
2022-11-21,734.96,740.59,724.24,738.98,447100,0.0,0.0
2022-11-22,743.85,749.72,733.9,749.23,406300,0.0,0.0
2022-11-23,749.8,751.7,734.16,735.36,406200,0.0,0.0
2022-11-25,732.69,737.24,728.61,736.23,229200,0.0,0.0
2022-11-28,740.0,750.99,736.11,741.48,570700,0.0,0.0
2022-11-29,739.9,740.0,727.0,736.08,515100,0.0,0.0
2022-11-30,737.89,756.0,729.42,751.7,1824600,0.0,0.0
2022-12-01,756.19,768.3,752.41,761.24,670000,0.0,0.0
2022-12-02,752.52,769.0,752.0,766.39,441400,0.0,0.0
2022-12-05,762.0,765.49,749.58,755.45,531100,0.0,0.0
2022-12-06,751.28,755.87,744.81,747.47,502000,0.0,0.0
2022-12-07,745.47,767.74,745.47,764.27,565800,0.0,0.0
2022-12-08,758.08,779.0,758.08,765.42,588900,0.0,0.0
2022-12-09,753.18,759.99,746.57,750.06,508500,0.0,0.0
2022-12-12,730.17,744.94,728.0,742.48,843100,0.0,0.0
2022-12-13,749.1,753.94,739.02,747.56,671200,0.0,0.0
2022-12-14,741.28,757.0,741.28,750.0,563200,0.0,0.0
2022-12-15,748.17,748.17,728.08,731.27,622400,0.0,0.0
2022-12-16,721.8,732.48,720.58,723.17,1803000,0.0,0.0
2022-12-19,720.99,726.15,713.0,721.1,502000,0.0,0.0
2022-12-20,725.24,738.29,722.96,733.53,551400,0.0,0.0
2022-12-21,734.98,754.86,733.2,736.19,532500,0.0,0.0
2022-12-22,736.08,736.5,726.05,733.62,506300,0.0,0.0
2022-12-23,733.96,735.6,718.36,726.74,358600,0.0,0.0
2022-12-27,726.44,727.46,708.26,711.35,548600,0.0,0.0
2022-12-28,710.51,717.94,707.87,713.03,359500,0.0,0.0
2022-12-29,717.0,728.09,710.28,721.29,432100,0.0,0.0
2022-12-30,721.16,722.16,710.25,721.49,364100,0.0,0.0
